1,0,2243.40,2199.41,2409.58,2595.31,2438.91,2380.25,2287.39
1,0,2243.40,2199.41,2409.58,2595.31,2438.91,2380.25,2287.39
1,0,2233.63,2047.90,2404.69,2575.76,2429.13,2375.37,2385.14
1,0,2233.63,2047.90,2404.69,2575.76,2429.13,2375.37,2385.14
1,0,2243.40,2082.11,2409.58,2590.42,2434.02,2375.37,2145.65
1,0,2243.40,2082.11,2409.58,2590.42,2434.02,2375.37,2145.65
1,0,2248.29,2204.30,2414.47,2595.31,2438.91,2380.25,2228.74
1,0,2248.29,2204.30,2414.47,2595.31,2438.91,2380.25,2228.74
1,0,2233.63,2072.34,2404.69,2575.76,2429.13,2375.37,2409.58
1,0,2233.63,2072.34,2404.69,2575.76,2429.13,2375.37,2409.58
1,0,2238.51,2057.67,2409.58,2585.53,2434.02,2375.37,2179.86
1,0,2238.51,2057.67,2409.58,2585.53,2434.02,2375.37,2179.86
1,0,2248.29,2199.41,2414.47,2595.31,2438.91,2380.25,2184.75
1,0,2248.29,2199.41,2414.47,2595.31,2438.91,2380.25,2184.75
1,0,2238.51,2111.44,2404.69,2580.65,2434.02,2375.37,2409.58
1,0,2238.51,2111.44,2404.69,2580.65,2434.02,2375.37,2409.58
1,0,2238.51,2033.24,2404.69,2585.53,2434.02,2375.37,2228.74
1,0,2238.51,2033.24,2404.69,2585.53,2434.02,2375.37,2228.74
1,0,2248.29,2184.75,2414.47,2595.31,2438.91,2380.25,2140.76
1,0,2248.29,2184.75,2414.47,2595.31,2438.91,2380.25,2140.76
1,0,2238.51,2145.65,2409.58,2585.53,2434.02,2375.37,2394.92
1,0,2238.51,2145.65,2409.58,2585.53,2434.02,2375.37,2394.92
1,0,2233.63,2028.35,2404.69,2580.65,2429.13,2375.37,2282.50
1,0,2233.63,2028.35,2404.69,2580.65,2429.13,2375.37,2282.50
1,0,2248.29,2170.09,2414.47,2595.31,2438.91,2380.25,2116.32
1,0,2248.29,2170.09,2414.47,2595.31,2438.91,2380.25,2116.32
1,0,2243.40,2165.20,2409.58,2585.53,2434.02,2380.25,2355.82
1,0,2243.40,2165.20,2409.58,2585.53,2434.02,2380.25,2355.82
1,0,2233.63,2028.35,2404.69,2580.65,2429.13,2375.37,2326.49
1,0,2233.63,2028.35,2404.69,2580.65,2429.13,2375.37,2326.49
1,0,2248.29,2135.87,2414.47,2595.31,2438.91,2380.25,2028.35
1,0,2248.29,2135.87,2414.47,2595.31,2438.91,2380.25,2028.35
1,0,2243.40,2179.86,2409.58,2585.53,2434.02,2375.37,2316.72
1,0,2243.40,2179.86,2409.58,2585.53,2434.02,2375.37,2316.72
1,0,2238.51,2047.90,2404.69,2580.65,2434.02,2375.37,2341.15
1,0,2238.51,2047.90,2404.69,2580.65,2434.02,2375.37,2341.15
1,0,2243.40,2111.44,2404.69,2580.65,2434.02,2380.25,2028.35
1,0,2243.40,2111.44,2404.69,2580.65,2434.02,2380.25,2028.35
1,0,2243.40,2189.64,2409.58,2590.42,2438.91,2380.25,2595.31
1,0,2243.40,2189.64,2409.58,2590.42,2438.91,2380.25,2595.31
1,0,2204.30,2189.64,2258.06,2346.04,2277.61,2248.29,1867.06
1,0,2204.30,2189.64,2258.06,2346.04,2277.61,2248.29,1867.06
1,0,2292.28,2077.22,2634.41,2741.94,2663.73,2629.52,2033.24
1,0,2292.28,2077.22,2634.41,2741.94,2663.73,2629.52,2033.24
1,0,2228.74,2072.34,2311.83,2434.02,2365.59,2341.15,1598.24
1,0,2228.74,2072.34,2311.83,2434.02,2365.59,2341.15,1598.24
1,0,2204.30,2194.53,2248.29,2336.27,2267.84,2238.51,2243.40
1,0,2204.30,2194.53,2248.29,2336.27,2267.84,2238.51,2243.40
1,0,2292.28,2111.44,2673.51,2761.49,2688.17,2658.85,2668.62
1,0,2292.28,2111.44,2673.51,2761.49,2688.17,2658.85,2668.62
1,0,2258.06,2087.00,2497.56,2580.65,2541.54,2531.77,2497.56
1,0,2258.06,2087.00,2497.56,2580.65,2541.54,2531.77,2497.56
1,0,2189.64,2214.08,2287.39,2336.27,2297.17,2282.50,2272.73
1,0,2189.64,2214.08,2287.39,2336.27,2297.17,2282.50,2272.73
1,0,2282.50,2140.76,2683.28,2741.94,2693.06,2688.17,2668.62
1,0,2282.50,2140.76,2683.28,2741.94,2693.06,2688.17,2668.62
1,0,2267.84,2091.89,2595.31,2658.85,2634.41,2624.63,2590.42
1,0,2267.84,2091.89,2595.31,2658.85,2634.41,2624.63,2590.42
1,0,2184.75,2199.41,2233.63,2292.28,2248.29,2277.61,2262.95
1,0,2184.75,2199.41,2233.63,2292.28,2248.29,2277.61,2262.95
1,0,2282.50,2140.76,2658.85,2717.50,2673.51,2683.28,2658.85
1,0,2282.50,2140.76,2658.85,2717.50,2673.51,2683.28,2658.85
1,0,2272.73,2082.11,2590.42,2653.96,2629.52,2644.18,2605.08
1,0,2272.73,2082.11,2590.42,2653.96,2629.52,2644.18,2605.08
1,0,2184.75,2209.19,2258.06,2302.05,2267.84,2277.61,2253.18
1,0,2184.75,2209.19,2258.06,2302.05,2267.84,2277.61,2253.18
1,0,2277.61,2145.65,2673.51,2722.39,2678.40,2688.17,2658.85
1,0,2277.61,2145.65,2673.51,2722.39,2678.40,2688.17,2658.85
1,0,2267.84,2082.11,2585.53,2649.07,2624.63,2639.30,2605.08
1,0,2267.84,2082.11,2585.53,2649.07,2624.63,2639.30,2605.08
1,0,2184.75,2209.19,2267.84,2311.83,2277.61,2282.50,2262.95
1,0,2184.75,2209.19,2267.84,2311.83,2277.61,2282.50,2262.95
1,0,2282.50,2140.76,2688.17,2741.94,2697.95,2702.83,2678.40
1,0,2282.50,2140.76,2688.17,2741.94,2697.95,2702.83,2678.40
1,0,2262.95,2091.89,2561.09,2624.63,2600.20,2614.86,2580.65
1,0,2262.95,2091.89,2561.09,2624.63,2600.20,2614.86,2580.65
1,0,2189.64,2209.19,2297.17,2341.15,2306.94,2311.83,2292.28
1,0,2189.64,2209.19,2297.17,2341.15,2306.94,2311.83,2292.28
1,0,2292.28,2135.87,2727.27,2776.15,2737.05,2741.94,2712.61
1,0,2292.28,2135.87,2727.27,2776.15,2737.05,2741.94,2712.61
1,0,2253.18,2096.77,2531.77,2590.42,2565.98,2585.53,2546.43
1,0,2253.18,2096.77,2531.77,2590.42,2565.98,2585.53,2546.43
1,0,2194.53,2209.19,2326.49,2370.48,2336.27,2341.15,2316.72
1,0,2194.53,2209.19,2326.49,2370.48,2336.27,2341.15,2316.72
1,0,2302.05,2135.87,2756.60,2800.59,2761.49,2766.37,2741.94
1,0,2302.05,2135.87,2756.60,2800.59,2761.49,2766.37,2741.94
1,0,2248.29,2106.55,2497.56,2561.09,2536.66,2551.32,2512.22
1,0,2248.29,2106.55,2497.56,2561.09,2536.66,2551.32,2512.22
1,0,2199.41,2204.30,2355.82,2399.80,2365.59,2370.48,2346.04
1,0,2199.41,2204.30,2355.82,2399.80,2365.59,2370.48,2346.04
1,0,2306.94,2121.21,2785.92,2834.80,2790.81,2795.70,2766.37
1,0,2306.94,2121.21,2785.92,2834.80,2790.81,2795.70,2766.37
1,0,2233.63,2101.66,2424.24,2497.56,2468.23,2502.44,2468.23
1,0,2233.63,2101.66,2424.24,2497.56,2468.23,2502.44,2468.23
1,0,2214.08,2189.64,2326.49,2404.69,2341.15,2390.03,2321.60
1,0,2214.08,2189.64,2326.49,2404.69,2341.15,2390.03,2321.60
1,0,2287.39,2047.90,2614.86,2722.39,2649.07,2693.06,1827.96
1,0,2287.39,2047.90,2614.86,2722.39,2649.07,2693.06,1827.96
1,0,2209.19,2087.00,2223.85,2336.27,2277.61,2350.93,2057.67
1,0,2209.19,2087.00,2223.85,2336.27,2277.61,2350.93,2057.67
0.9,0.1,2487.78,2111.44,1867.06,2536.66,2453.57,2365.59,2057.67
0.9,0.1,2473.12,2135.87,1813.29,2536.66,2453.57,2370.48,2326.49
0.9,0.1,2468.23,2126.10,1847.51,2531.77,2453.57,2370.48,2165.20
0.9,0.1,2487.78,2116.32,1847.51,2536.66,2453.57,2365.59,2106.55
0.9,0.1,2468.23,2135.87,1808.41,2531.77,2453.57,2365.59,2341.15
0.9,0.1,2473.12,2116.32,1852.39,2536.66,2453.57,2370.48,2111.44
0.9,0.1,2487.78,2116.32,1837.73,2536.66,2458.46,2365.59,2155.43
0.9,0.1,2468.23,2135.87,1803.52,2536.66,2453.57,2370.48,2336.27
0.9,0.1,2473.12,2111.44,1847.51,2531.77,2453.57,2365.59,2082.11
0.9,0.1,2482.89,2121.21,1827.96,2536.66,2453.57,2370.48,2199.41
0.9,0.1,2468.23,2130.99,1808.41,2531.77,2453.57,2370.48,2311.83
0.9,0.1,2478.01,2111.44,1857.28,2536.66,2453.57,2365.59,2057.67
0.9,0.1,2482.89,2121.21,1818.18,2536.66,2453.57,2370.48,2238.51
0.9,0.1,2468.23,2130.99,1818.18,2531.77,2453.57,2370.48,2282.50
0.9,0.1,2482.89,2106.55,1862.17,2536.66,2453.57,2370.48,2047.90
0.9,0.1,2478.01,2126.10,1813.29,2536.66,2453.57,2370.48,2272.73
0.9,0.1,2468.23,2130.99,1827.96,2531.77,2453.57,2370.48,2243.40
0.9,0.1,2482.89,2106.55,1857.28,2536.66,2453.57,2370.48,2057.67
0.9,0.1,2478.01,2130.99,1808.41,2536.66,2453.57,2370.48,2311.83
0.9,0.1,2468.23,2126.10,1827.96,2536.66,2453.57,2370.48,2204.30
0.9,0.1,2487.78,2111.44,1852.39,2536.66,2453.57,2370.48,2077.22
0.9,0.1,2473.12,2130.99,1808.41,2536.66,2453.57,2370.48,2331.38
0.9,0.1,2468.23,2116.32,1837.73,2531.77,2453.57,2365.59,2165.20
0.9,0.1,2487.78,2116.32,1842.62,2536.66,2458.46,2370.48,2111.44
0.9,0.1,2468.23,2135.87,1803.52,2531.77,2453.57,2370.48,2336.27
0.9,0.1,2468.23,2116.32,1842.62,2531.77,2453.57,2365.59,2126.10
0.9,0.1,2487.78,2116.32,1832.84,2536.66,2458.46,2370.48,2145.65
0.9,0.1,2468.23,2130.99,1803.52,2531.77,2453.57,2370.48,2341.15
0.9,0.1,2473.12,2111.44,1852.39,2531.77,2453.57,2365.59,2091.89
0.9,0.1,2487.78,2121.21,1832.84,2536.66,2453.57,2365.59,2189.64
0.9,0.1,2468.23,2130.99,1808.41,2531.77,2453.57,2370.48,2326.49
0.9,0.1,2478.01,2111.44,1857.28,2531.77,2453.57,2365.59,2062.56
0.9,0.1,2482.89,2126.10,1823.07,2536.66,2458.46,2370.48,2238.51
0.9,0.1,2468.23,2126.10,1813.29,2536.66,2453.57,2370.48,2282.50
0.9,0.1,2482.89,2111.44,1857.28,2536.66,2453.57,2365.59,2047.90
0.9,0.1,2478.01,2130.99,1813.29,2536.66,2458.46,2370.48,2287.39
0.9,0.1,2468.23,2130.99,1832.84,2531.77,2453.57,2370.48,2223.85
0.9,0.1,2482.89,2111.44,1862.17,2536.66,2453.57,2365.59,2067.45
0.9,0.1,2473.12,2135.87,1808.41,2536.66,2453.57,2370.48,2326.49
0.9,0.1,2468.23,2126.10,1837.73,2531.77,2453.57,2370.48,2170.09
0.9,0.1,2487.78,2116.32,1847.51,2536.66,2458.46,2370.48,2111.44
0.9,0.1,2473.12,2140.76,1808.41,2536.66,2453.57,2370.48,2336.27
0.9,0.1,2473.12,2116.32,1852.39,2536.66,2453.57,2370.48,2101.66
0.9,0.1,2487.78,2121.21,1827.96,2536.66,2453.57,2370.48,2189.64
0.9,0.1,2468.23,2135.87,1813.29,2531.77,2453.57,2370.48,2316.72
0.9,0.1,2478.01,2116.32,1871.95,2536.66,2453.57,2370.48,2052.79
0.9,0.1,2482.89,2126.10,1818.18,2536.66,2453.57,2370.48,2253.18
0.9,0.1,2468.23,2130.99,1818.18,2531.77,2453.57,2370.48,2267.84
0.9,0.1,2482.89,2106.55,1857.28,2536.66,2453.57,2365.59,2057.67
0.9,0.1,2478.01,2130.99,1808.41,2531.77,2453.57,2370.48,2302.05
0.9,0.1,2468.23,2130.99,1832.84,2531.77,2453.57,2370.48,2218.96
0.9,0.1,2487.78,2101.66,1857.28,2536.66,2458.46,2365.59,2047.90
0.9,0.1,2473.12,2135.87,1803.52,2531.77,2453.57,2370.48,2321.60
0.9,0.1,2468.23,2126.10,1837.73,2531.77,2453.57,2365.59,2184.75
0.9,0.1,2487.78,2111.44,1847.51,2536.66,2458.46,2370.48,2096.77
0.9,0.1,2473.12,2135.87,1803.52,2536.66,2453.57,2370.48,2341.15
0.9,0.1,2468.23,2126.10,1852.39,2531.77,2453.57,2370.48,2155.43
0.9,0.1,2487.78,2116.32,1852.39,2536.66,2453.57,2365.59,2106.55
0.9,0.1,2473.12,2135.87,1808.41,2531.77,2453.57,2370.48,2341.15
0.9,0.1,2473.12,2121.21,1857.28,2531.77,2453.57,2370.48,2135.87
0.9,0.1,2487.78,2116.32,1852.39,2536.66,2458.46,2370.48,2126.10
0.9,0.1,2473.12,2140.76,1803.52,2531.77,2453.57,2370.48,2346.04
0.9,0.1,2473.12,2121.21,1862.17,2531.77,2453.57,2370.48,2116.32
0.9,0.1,2487.78,2116.32,1847.51,2536.66,2458.46,2370.48,2145.65
0.9,0.1,2468.23,2140.76,1808.41,2531.77,2453.57,2370.48,2336.27
0.9,0.1,2478.01,2116.32,1871.95,2531.77,2453.57,2365.59,2091.89
0.9,0.1,2487.78,2121.21,1847.51,2536.66,2458.46,2370.48,2170.09
0.9,0.1,2468.23,2145.65,1818.18,2531.77,2453.57,2370.48,2326.49
0.9,0.1,2478.01,2116.32,1871.95,2536.66,2453.57,2365.59,2077.22
0.9,0.1,2487.78,2121.21,1832.84,2536.66,2458.46,2370.48,2189.64
0.9,0.1,2468.23,2140.76,1803.52,2536.66,2453.57,2370.48,2331.38
0.9,0.1,2478.01,2111.44,1862.17,2536.66,2453.57,2365.59,2077.22
0.9,0.1,2482.89,2121.21,1823.07,2536.66,2458.46,2370.48,2204.30
0.9,0.1,2468.23,2135.87,1803.52,2531.77,2453.57,2370.48,2321.60
0.9,0.1,2478.01,2111.44,1862.17,2531.77,2453.57,2370.48,2062.56
0.9,0.1,2482.89,2126.10,1823.07,2536.66,2458.46,2370.48,2228.74
0.9,0.1,2468.23,2130.99,1813.29,2531.77,2453.57,2370.48,2297.17
0.9,0.1,2482.89,2111.44,1862.17,2536.66,2453.57,2370.48,2062.56
0.9,0.1,2482.89,2126.10,1818.18,2536.66,2453.57,2370.48,2262.95
0.9,0.1,2468.23,2130.99,1827.96,2531.77,2453.57,2370.48,2267.84
0.9,0.1,2482.89,2111.44,1867.06,2531.77,2453.57,2370.48,2052.79
0.9,0.1,2482.89,2130.99,1813.29,2536.66,2453.57,2370.48,2292.28
0.9,0.1,2468.23,2126.10,1827.96,2531.77,2453.57,2370.48,2233.63
0.9,0.1,2487.78,2111.44,1867.06,2536.66,2453.57,2365.59,2043.01
0.9,0.1,2478.01,2130.99,1803.52,2536.66,2453.57,2370.48,2321.60
0.9,0.1,2468.23,2126.10,1837.73,2531.77,2453.57,2370.48,2184.75
0.9,0.1,2487.78,2116.32,1857.28,2536.66,2453.57,2370.48,2087.00
0.9,0.1,2473.12,2135.87,1808.41,2531.77,2453.57,2370.48,2336.27
0.9,0.1,2473.12,2121.21,1847.51,2531.77,2453.57,2370.48,2145.65
0.9,0.1,2487.78,2116.32,1847.51,2536.66,2453.57,2370.48,2126.10
0.9,0.1,2473.12,2140.76,1803.52,2531.77,2453.57,2370.48,2341.15
0.9,0.1,2473.12,2116.32,1852.39,2531.77,2453.57,2365.59,2111.44
0.9,0.1,2487.78,2116.32,1827.96,2536.66,2458.46,2370.48,2170.09
0.9,0.1,2468.23,2135.87,1798.63,2531.77,2453.57,2370.48,2331.38
0.9,0.1,2478.01,2111.44,1847.51,2536.66,2453.57,2365.59,2082.11
0.9,0.1,2487.78,2121.21,1823.07,2536.66,2453.57,2370.48,2214.08
0.9,0.1,2468.23,2135.87,1808.41,2531.77,2453.57,2370.48,2297.17
0.9,0.1,2482.89,2111.44,1857.28,2531.77,2453.57,2370.48,2067.45
0.9,0.1,2482.89,2126.10,1808.41,2536.66,2453.57,2370.48,2262.95
0.9,0.1,2468.23,2126.10,1803.52,2531.77,2453.57,2370.48,2267.84
0.8,0.2,3328.45,2776.15,2419.35,2512.22,2453.57,2321.60,1691.10
0.8,0.2,3323.56,2776.15,2419.35,2512.22,2453.57,2321.60,1700.88
0.8,0.2,3323.56,2776.15,2419.35,2512.22,2453.57,2321.60,1691.10
0.8,0.2,3323.56,2776.15,2419.35,2512.22,2453.57,2321.60,1700.88
0.8,0.2,3323.56,2776.15,2419.35,2512.22,2453.57,2321.60,1705.77
0.8,0.2,3323.56,2776.15,2419.35,2512.22,2453.57,2321.60,1691.10
0.8,0.2,3323.56,2776.15,2419.35,2512.22,2453.57,2321.60,1705.77
0.8,0.2,3323.56,2776.15,2419.35,2512.22,2453.57,2321.60,1700.88
0.8,0.2,3323.56,2776.15,2419.35,2512.22,2453.57,2321.60,1700.88
0.8,0.2,3323.56,2776.15,2419.35,2512.22,2453.57,2321.60,1710.66
0.8,0.2,3323.56,2771.26,2419.35,2512.22,2453.57,2321.60,1695.99
0.8,0.2,3323.56,2771.26,2419.35,2512.22,2453.57,2321.60,1705.77
0.8,0.2,3318.67,2771.26,2419.35,2512.22,2453.57,2321.60,1705.77
0.8,0.2,3318.67,2771.26,2419.35,2512.22,2453.57,2321.60,1695.99
0.8,0.2,3323.56,2776.15,2419.35,2512.22,2453.57,2321.60,1710.66
0.8,0.2,3323.56,2776.15,2419.35,2512.22,2453.57,2321.60,1700.88
0.8,0.2,3328.45,2776.15,2419.35,2512.22,2453.57,2321.60,1700.88
0.8,0.2,3323.56,2771.26,2419.35,2512.22,2453.57,2321.60,1710.66
0.8,0.2,3323.56,2771.26,2419.35,2512.22,2453.57,2321.60,1700.88
0.8,0.2,3318.67,2771.26,2419.35,2512.22,2453.57,2321.60,1705.77
0.8,0.2,3313.78,2771.26,2419.35,2512.22,2453.57,2321.60,1710.66
0.8,0.2,3313.78,2766.37,2419.35,2512.22,2453.57,2321.60,1695.99
0.8,0.2,3313.78,2766.37,2419.35,2512.22,2453.57,2321.60,1710.66
0.8,0.2,3313.78,2766.37,2419.35,2512.22,2453.57,2321.60,1705.77
0.8,0.2,3308.90,2766.37,2419.35,2512.22,2453.57,2321.60,1695.99
0.8,0.2,3308.90,2766.37,2419.35,2512.22,2453.57,2321.60,1710.66
0.8,0.2,3308.90,2766.37,2419.35,2512.22,2453.57,2321.60,1705.77
0.8,0.2,3308.90,2766.37,2419.35,2512.22,2453.57,2321.60,1700.88
0.8,0.2,3308.90,2761.49,2419.35,2512.22,2453.57,2321.60,1715.54
0.8,0.2,3304.01,2761.49,2419.35,2512.22,2453.57,2321.60,1705.77
0.8,0.2,3304.01,2761.49,2419.35,2512.22,2453.57,2321.60,1705.77
0.8,0.2,3304.01,2761.49,2419.35,2512.22,2453.57,2321.60,1715.54
0.8,0.2,3304.01,2761.49,2419.35,2512.22,2453.57,2321.60,1705.77
0.8,0.2,3304.01,2761.49,2419.35,2512.22,2453.57,2321.60,1705.77
0.8,0.2,3304.01,2761.49,2419.35,2512.22,2453.57,2321.60,1715.54
0.8,0.2,3299.12,2756.60,2419.35,2512.22,2453.57,2321.60,1705.77
0.8,0.2,3299.12,2761.49,2419.35,2512.22,2453.57,2326.49,1705.77
0.8,0.2,3299.12,2756.60,2419.35,2512.22,2453.57,2321.60,1715.54
0.8,0.2,3299.12,2756.60,2419.35,2512.22,2453.57,2321.60,1705.77
0.8,0.2,3299.12,2756.60,2419.35,2512.22,2453.57,2321.60,1705.77
0.8,0.2,3299.12,2756.60,2419.35,2512.22,2453.57,2321.60,1715.54
0.8,0.2,3299.12,2756.60,2419.35,2512.22,2453.57,2321.60,1705.77
0.8,0.2,3299.12,2756.60,2419.35,2512.22,2458.46,2321.60,1705.77
0.8,0.2,3299.12,2756.60,2419.35,2512.22,2453.57,2321.60,1715.54
0.8,0.2,3294.23,2756.60,2419.35,2512.22,2453.57,2326.49,1705.77
0.8,0.2,3294.23,2756.60,2419.35,2512.22,2453.57,2321.60,1705.77
0.8,0.2,3289.35,2751.71,2419.35,2512.22,2453.57,2321.60,1715.54
0.8,0.2,3289.35,2751.71,2419.35,2512.22,2453.57,2326.49,1710.66
0.8,0.2,3289.35,2751.71,2419.35,2512.22,2458.46,2321.60,1705.77
0.8,0.2,3284.46,2751.71,2419.35,2512.22,2453.57,2321.60,1715.54
0.8,0.2,3284.46,2746.82,2419.35,2512.22,2453.57,2326.49,1710.66
0.8,0.2,3279.57,2746.82,2419.35,2512.22,2453.57,2326.49,1705.77
0.8,0.2,3279.57,2746.82,2419.35,2512.22,2453.57,2321.60,1720.43
0.8,0.2,3279.57,2746.82,2419.35,2512.22,2453.57,2321.60,1715.54
0.8,0.2,3274.68,2746.82,2419.35,2512.22,2453.57,2321.60,1705.77
0.8,0.2,3279.57,2746.82,2419.35,2512.22,2453.57,2326.49,1720.43
0.8,0.2,3274.68,2746.82,2419.35,2512.22,2458.46,2321.60,1720.43
0.8,0.2,3274.68,2746.82,2419.35,2512.22,2458.46,2321.60,1710.66
0.8,0.2,3274.68,2746.82,2419.35,2512.22,2453.57,2321.60,1720.43
0.8,0.2,3274.68,2741.94,2419.35,2512.22,2453.57,2321.60,1720.43
0.8,0.2,3274.68,2741.94,2419.35,2512.22,2453.57,2321.60,1705.77
0.8,0.2,3274.68,2741.94,2419.35,2512.22,2453.57,2326.49,1720.43
0.8,0.2,3269.79,2741.94,2419.35,2512.22,2458.46,2326.49,1720.43
0.8,0.2,3269.79,2741.94,2419.35,2512.22,2453.57,2321.60,1710.66
0.8,0.2,3269.79,2741.94,2419.35,2512.22,2453.57,2326.49,1715.54
0.8,0.2,3269.79,2741.94,2419.35,2512.22,2453.57,2326.49,1720.43
0.8,0.2,3269.79,2741.94,2419.35,2512.22,2453.57,2321.60,1710.66
0.8,0.2,3269.79,2741.94,2419.35,2512.22,2453.57,2326.49,1715.54
0.8,0.2,3264.91,2741.94,2419.35,2512.22,2453.57,2326.49,1725.32
0.8,0.2,3264.91,2737.05,2419.35,2512.22,2453.57,2326.49,1710.66
0.8,0.2,3264.91,2737.05,2419.35,2512.22,2453.57,2326.49,1715.54
0.8,0.2,3264.91,2737.05,2419.35,2512.22,2453.57,2326.49,1720.43
0.8,0.2,3264.91,2737.05,2419.35,2512.22,2453.57,2321.60,1710.66
0.8,0.2,3264.91,2737.05,2419.35,2512.22,2458.46,2321.60,1715.54
0.8,0.2,3264.91,2737.05,2419.35,2512.22,2453.57,2326.49,1720.43
0.8,0.2,3264.91,2737.05,2419.35,2512.22,2453.57,2321.60,1710.66
0.8,0.2,3264.91,2737.05,2419.35,2512.22,2458.46,2326.49,1715.54
0.8,0.2,3264.91,2737.05,2419.35,2512.22,2453.57,2326.49,1725.32
0.8,0.2,3260.02,2737.05,2419.35,2512.22,2453.57,2326.49,1715.54
0.8,0.2,3260.02,2737.05,2419.35,2512.22,2453.57,2326.49,1715.54
0.8,0.2,3260.02,2737.05,2419.35,2512.22,2453.57,2326.49,1725.32
0.8,0.2,3260.02,2737.05,2419.35,2512.22,2453.57,2326.49,1715.54
0.8,0.2,3260.02,2737.05,2419.35,2512.22,2453.57,2326.49,1715.54
0.8,0.2,3260.02,2737.05,2419.35,2512.22,2453.57,2326.49,1725.32
0.8,0.2,3260.02,2737.05,2419.35,2512.22,2453.57,2326.49,1720.43
0.8,0.2,3260.02,2732.16,2419.35,2512.22,2453.57,2326.49,1715.54
0.8,0.2,3260.02,2737.05,2419.35,2512.22,2453.57,2326.49,1725.32
0.8,0.2,3260.02,2732.16,2419.35,2512.22,2453.57,2326.49,1720.43
0.8,0.2,3260.02,2737.05,2419.35,2512.22,2458.46,2326.49,1715.54
0.8,0.2,3260.02,2737.05,2419.35,2512.22,2453.57,2326.49,1730.21
0.8,0.2,3260.02,2737.05,2419.35,2512.22,2458.46,2326.49,1725.32
0.8,0.2,3264.91,2737.05,2419.35,2512.22,2453.57,2326.49,1715.54
0.8,0.2,3264.91,2737.05,2419.35,2512.22,2453.57,2326.49,1730.21
0.8,0.2,3264.91,2737.05,2419.35,2512.22,2453.57,2326.49,1730.21
0.8,0.2,3269.79,2737.05,2419.35,2512.22,2453.57,2326.49,1720.43
0.8,0.2,3269.79,2741.94,2419.35,2512.22,2453.57,2326.49,1730.21
0.8,0.2,3269.79,2741.94,2419.35,2512.22,2453.57,2326.49,1730.21
0.8,0.2,3269.79,2737.05,2419.35,2512.22,2453.57,2326.49,1720.43
0.8,0.2,3269.79,2737.05,2419.35,2512.22,2453.57,2326.49,1725.32
0.8,0.2,3264.91,2737.05,2419.35,2512.22,2453.57,2326.49,1735.09
0.7,0.3,2350.93,2150.54,2414.47,2492.67,2438.91,2360.70,1891.50
0.7,0.3,2350.93,2150.54,2414.47,2487.78,2438.91,2360.70,1896.38
0.7,0.3,2350.93,2150.54,2414.47,2487.78,2443.79,2360.70,1876.83
0.7,0.3,2350.93,2150.54,2414.47,2492.67,2438.91,2355.82,1896.38
0.7,0.3,2350.93,2155.43,2414.47,2487.78,2438.91,2360.70,1896.38
0.7,0.3,2350.93,2155.43,2414.47,2487.78,2438.91,2355.82,1881.72
0.7,0.3,2350.93,2155.43,2414.47,2492.67,2443.79,2360.70,1896.38
0.7,0.3,2355.82,2155.43,2414.47,2492.67,2438.91,2360.70,1896.38
0.7,0.3,2355.82,2155.43,2414.47,2487.78,2438.91,2360.70,1876.83
0.7,0.3,2355.82,2155.43,2409.58,2487.78,2443.79,2360.70,1896.38
0.7,0.3,2355.82,2155.43,2409.58,2487.78,2438.91,2360.70,1896.38
0.7,0.3,2355.82,2155.43,2409.58,2487.78,2438.91,2360.70,1881.72
0.7,0.3,2355.82,2155.43,2409.58,2487.78,2443.79,2360.70,1901.27
0.7,0.3,2360.70,2155.43,2409.58,2487.78,2438.91,2360.70,1896.38
0.7,0.3,2360.70,2155.43,2409.58,2487.78,2438.91,2360.70,1881.72
0.7,0.3,2360.70,2155.43,2409.58,2492.67,2438.91,2360.70,1901.27
0.7,0.3,2360.70,2155.43,2409.58,2487.78,2443.79,2360.70,1896.38
0.7,0.3,2360.70,2155.43,2409.58,2487.78,2438.91,2360.70,1881.72
0.7,0.3,2360.70,2155.43,2409.58,2487.78,2443.79,2360.70,1901.27
0.7,0.3,2360.70,2160.31,2409.58,2487.78,2443.79,2360.70,1901.27
0.7,0.3,2365.59,2160.31,2409.58,2492.67,2438.91,2360.70,1881.72
0.7,0.3,2365.59,2160.31,2409.58,2487.78,2443.79,2360.70,1901.27
0.7,0.3,2365.59,2160.31,2409.58,2487.78,2438.91,2360.70,1906.16
0.7,0.3,2365.59,2160.31,2409.58,2487.78,2438.91,2360.70,1881.72
0.7,0.3,2365.59,2160.31,2409.58,2487.78,2438.91,2360.70,1896.38
0.7,0.3,2365.59,2160.31,2409.58,2487.78,2438.91,2360.70,1906.16
0.7,0.3,2365.59,2160.31,2409.58,2487.78,2443.79,2360.70,1886.61
0.7,0.3,2365.59,2160.31,2409.58,2487.78,2443.79,2360.70,1891.50
0.7,0.3,2370.48,2165.20,2409.58,2487.78,2438.91,2360.70,1906.16
0.7,0.3,2370.48,2160.31,2409.58,2487.78,2438.91,2360.70,1886.61
0.7,0.3,2370.48,2160.31,2409.58,2487.78,2443.79,2360.70,1891.50
0.7,0.3,2370.48,2165.20,2409.58,2487.78,2443.79,2360.70,1906.16
0.7,0.3,2370.48,2165.20,2409.58,2487.78,2438.91,2360.70,1891.50
0.7,0.3,2370.48,2165.20,2409.58,2487.78,2438.91,2360.70,1886.61
0.7,0.3,2370.48,2165.20,2409.58,2487.78,2438.91,2360.70,1906.16
0.7,0.3,2375.37,2165.20,2409.58,2487.78,2443.79,2360.70,1891.50
0.7,0.3,2375.37,2165.20,2409.58,2487.78,2438.91,2360.70,1886.61
0.7,0.3,2375.37,2165.20,2409.58,2492.67,2438.91,2360.70,1906.16
0.7,0.3,2375.37,2165.20,2409.58,2487.78,2443.79,2360.70,1896.38
0.7,0.3,2375.37,2165.20,2409.58,2492.67,2438.91,2360.70,1886.61
0.7,0.3,2380.25,2170.09,2409.58,2487.78,2438.91,2360.70,1906.16
0.7,0.3,2380.25,2170.09,2409.58,2487.78,2443.79,2360.70,1901.27
0.7,0.3,2380.25,2170.09,2409.58,2487.78,2443.79,2360.70,1886.61
0.7,0.3,2380.25,2170.09,2414.47,2487.78,2438.91,2360.70,1906.16
0.7,0.3,2380.25,2170.09,2414.47,2492.67,2443.79,2360.70,1906.16
0.7,0.3,2385.14,2170.09,2414.47,2487.78,2438.91,2360.70,1886.61
0.7,0.3,2385.14,2170.09,2414.47,2492.67,2438.91,2360.70,1901.27
0.7,0.3,2385.14,2174.98,2414.47,2492.67,2438.91,2360.70,1906.16
0.7,0.3,2385.14,2174.98,2414.47,2487.78,2443.79,2360.70,1886.61
0.7,0.3,2390.03,2174.98,2414.47,2487.78,2438.91,2360.70,1896.38
0.7,0.3,2390.03,2174.98,2414.47,2487.78,2438.91,2360.70,1911.05
0.7,0.3,2390.03,2174.98,2414.47,2487.78,2438.91,2360.70,1891.50
0.7,0.3,2390.03,2174.98,2414.47,2487.78,2438.91,2360.70,1891.50
0.7,0.3,2394.92,2179.86,2414.47,2487.78,2443.79,2360.70,1911.05
0.7,0.3,2394.92,2179.86,2414.47,2487.78,2443.79,2360.70,1901.27
0.7,0.3,2394.92,2179.86,2414.47,2487.78,2443.79,2360.70,1886.61
0.7,0.3,2394.92,2179.86,2414.47,2487.78,2438.91,2360.70,1906.16
0.7,0.3,2399.80,2179.86,2414.47,2487.78,2438.91,2360.70,1906.16
0.7,0.3,2399.80,2179.86,2414.47,2492.67,2438.91,2360.70,1886.61
0.7,0.3,2404.69,2179.86,2414.47,2487.78,2443.79,2360.70,1896.38
0.7,0.3,2404.69,2184.75,2414.47,2487.78,2438.91,2360.70,1911.05
0.7,0.3,2404.69,2184.75,2414.47,2492.67,2438.91,2360.70,1891.50
0.7,0.3,2409.58,2184.75,2414.47,2487.78,2438.91,2360.70,1891.50
0.7,0.3,2409.58,2184.75,2414.47,2492.67,2438.91,2360.70,1911.05
0.7,0.3,2409.58,2189.64,2414.47,2487.78,2438.91,2360.70,1896.38
0.7,0.3,2414.47,2189.64,2414.47,2487.78,2443.79,2360.70,1886.61
0.7,0.3,2414.47,2189.64,2414.47,2487.78,2438.91,2360.70,1906.16
0.7,0.3,2414.47,2189.64,2414.47,2487.78,2438.91,2360.70,1906.16
0.7,0.3,2414.47,2189.64,2409.58,2487.78,2438.91,2360.70,1886.61
0.7,0.3,2414.47,2189.64,2414.47,2487.78,2438.91,2360.70,1896.38
0.7,0.3,2419.35,2189.64,2409.58,2487.78,2438.91,2360.70,1911.05
0.7,0.3,2419.35,2189.64,2409.58,2487.78,2438.91,2360.70,1891.50
0.7,0.3,2419.35,2189.64,2409.58,2487.78,2443.79,2360.70,1891.50
0.7,0.3,2419.35,2194.53,2414.47,2487.78,2438.91,2360.70,1911.05
0.7,0.3,2424.24,2194.53,2414.47,2487.78,2438.91,2360.70,1901.27
0.7,0.3,2424.24,2194.53,2414.47,2492.67,2438.91,2360.70,1886.61
0.7,0.3,2429.13,2194.53,2414.47,2487.78,2438.91,2360.70,1901.27
0.7,0.3,2429.13,2199.41,2414.47,2487.78,2438.91,2360.70,1906.16
0.7,0.3,2429.13,2199.41,2414.47,2487.78,2438.91,2365.59,1886.61
0.7,0.3,2429.13,2199.41,2414.47,2487.78,2438.91,2360.70,1901.27
0.7,0.3,2429.13,2199.41,2414.47,2487.78,2438.91,2360.70,1911.05
0.7,0.3,2438.91,2199.41,2414.47,2492.67,2443.79,2365.59,1891.50
0.7,0.3,2434.02,2204.30,2414.47,2492.67,2443.79,2365.59,1891.50
0.7,0.3,2434.02,2199.41,2414.47,2487.78,2438.91,2360.70,1911.05
0.7,0.3,2438.91,2204.30,2414.47,2487.78,2438.91,2365.59,1896.38
0.7,0.3,2438.91,2204.30,2414.47,2492.67,2438.91,2360.70,1891.50
0.7,0.3,2438.91,2204.30,2414.47,2487.78,2438.91,2365.59,1906.16
0.7,0.3,2443.79,2204.30,2414.47,2487.78,2438.91,2365.59,1901.27
0.7,0.3,2443.79,2204.30,2414.47,2487.78,2443.79,2365.59,1886.61
0.7,0.3,2443.79,2204.30,2414.47,2487.78,2438.91,2365.59,1906.16
0.7,0.3,2443.79,2209.19,2414.47,2487.78,2443.79,2365.59,1906.16
0.7,0.3,2448.68,2209.19,2414.47,2487.78,2438.91,2365.59,1886.61
0.7,0.3,2448.68,2209.19,2419.35,2492.67,2443.79,2365.59,1901.27
0.7,0.3,2448.68,2209.19,2414.47,2487.78,2438.91,2365.59,1906.16
0.7,0.3,2453.57,2209.19,2414.47,2492.67,2443.79,2365.59,1891.50
0.7,0.3,2453.57,2209.19,2419.35,2487.78,2443.79,2365.59,1896.38
0.7,0.3,2453.57,2214.08,2414.47,2492.67,2443.79,2365.59,1911.05
0.7,0.3,2453.57,2214.08,2414.47,2487.78,2438.91,2365.59,1891.50
0.7,0.3,2458.46,2214.08,2414.47,2492.67,2443.79,2365.59,1891.50
0.7,0.3,2458.46,2214.08,2419.35,2487.78,2443.79,2365.59,1911.05
0.6,0.4,2517.11,2253.18,2512.22,2482.89,2453.57,2365.59,2311.83
0.6,0.4,2517.11,2253.18,2512.22,2482.89,2453.57,2365.59,2311.83
0.6,0.4,2536.66,2267.84,2512.22,2482.89,2453.57,2365.59,2346.04
0.6,0.4,2536.66,2267.84,2512.22,2482.89,2453.57,2365.59,2346.04
0.6,0.4,2521.99,2262.95,2512.22,2482.89,2458.46,2365.59,2321.60
0.6,0.4,2521.99,2262.95,2512.22,2482.89,2458.46,2365.59,2321.60
0.6,0.4,2517.11,2253.18,2512.22,2478.01,2453.57,2365.59,2302.05
0.6,0.4,2517.11,2253.18,2512.22,2478.01,2453.57,2365.59,2302.05
0.6,0.4,2531.77,2262.95,2512.22,2482.89,2453.57,2365.59,2336.27
0.6,0.4,2531.77,2262.95,2512.22,2482.89,2453.57,2365.59,2336.27
0.6,0.4,2531.77,2267.84,2512.22,2482.89,2458.46,2365.59,2331.38
0.6,0.4,2531.77,2267.84,2512.22,2482.89,2458.46,2365.59,2331.38
0.6,0.4,2517.11,2253.18,2512.22,2482.89,2453.57,2365.59,2302.05
0.6,0.4,2517.11,2253.18,2512.22,2482.89,2453.57,2365.59,2302.05
0.6,0.4,2526.88,2258.06,2512.22,2482.89,2448.68,2365.59,2326.49
0.6,0.4,2526.88,2258.06,2512.22,2482.89,2448.68,2365.59,2326.49
0.6,0.4,2531.77,2267.84,2512.22,2482.89,2453.57,2365.59,2341.15
0.6,0.4,2531.77,2267.84,2512.22,2482.89,2453.57,2365.59,2341.15
0.6,0.4,2517.11,2258.06,2512.22,2482.89,2453.57,2365.59,2306.94
0.6,0.4,2517.11,2258.06,2512.22,2482.89,2453.57,2365.59,2306.94
0.6,0.4,2521.99,2258.06,2512.22,2482.89,2453.57,2365.59,2311.83
0.6,0.4,2521.99,2258.06,2512.22,2482.89,2453.57,2365.59,2311.83
0.6,0.4,2531.77,2267.84,2512.22,2482.89,2453.57,2365.59,2341.15
0.6,0.4,2531.77,2267.84,2512.22,2482.89,2453.57,2365.59,2341.15
0.6,0.4,2526.88,2262.95,2512.22,2482.89,2453.57,2365.59,2321.60
0.6,0.4,2526.88,2262.95,2512.22,2482.89,2453.57,2365.59,2321.60
0.6,0.4,2517.11,2253.18,2512.22,2478.01,2448.68,2365.59,2302.05
0.6,0.4,2517.11,2253.18,2512.22,2478.01,2448.68,2365.59,2302.05
0.6,0.4,2531.77,2262.95,2512.22,2482.89,2453.57,2365.59,2336.27
0.6,0.4,2531.77,2262.95,2512.22,2482.89,2453.57,2365.59,2336.27
0.6,0.4,2531.77,2267.84,2512.22,2482.89,2453.57,2365.59,2331.38
0.6,0.4,2531.77,2267.84,2512.22,2482.89,2453.57,2365.59,2331.38
0.6,0.4,2517.11,2253.18,2507.33,2482.89,2448.68,2365.59,2302.05
0.6,0.4,2517.11,2253.18,2507.33,2482.89,2448.68,2365.59,2302.05
0.6,0.4,2521.99,2258.06,2512.22,2478.01,2448.68,2365.59,2321.60
0.6,0.4,2521.99,2258.06,2512.22,2478.01,2448.68,2365.59,2321.60
0.6,0.4,2536.66,2267.84,2512.22,2482.89,2453.57,2365.59,2341.15
0.6,0.4,2536.66,2267.84,2512.22,2482.89,2453.57,2365.59,2341.15
0.6,0.4,2521.99,2258.06,2512.22,2482.89,2448.68,2365.59,2311.83
0.6,0.4,2521.99,2258.06,2512.22,2482.89,2448.68,2365.59,2311.83
0.6,0.4,2517.11,2253.18,2512.22,2478.01,2448.68,2365.59,2306.94
0.6,0.4,2517.11,2253.18,2512.22,2478.01,2448.68,2365.59,2306.94
0.6,0.4,2531.77,2267.84,2512.22,2482.89,2448.68,2365.59,2336.27
0.6,0.4,2531.77,2267.84,2512.22,2482.89,2448.68,2365.59,2336.27
0.6,0.4,2526.88,2267.84,2512.22,2482.89,2453.57,2365.59,2331.38
0.6,0.4,2526.88,2267.84,2512.22,2482.89,2453.57,2365.59,2331.38
0.6,0.4,2517.11,2253.18,2512.22,2478.01,2448.68,2365.59,2302.05
0.6,0.4,2517.11,2253.18,2512.22,2478.01,2448.68,2365.59,2302.05
0.6,0.4,2526.88,2262.95,2507.33,2482.89,2448.68,2365.59,2326.49
0.6,0.4,2526.88,2262.95,2507.33,2482.89,2448.68,2365.59,2326.49
0.6,0.4,2536.66,2267.84,2512.22,2482.89,2448.68,2365.59,2341.15
0.6,0.4,2536.66,2267.84,2512.22,2482.89,2448.68,2365.59,2341.15
0.6,0.4,2517.11,2258.06,2512.22,2482.89,2448.68,2365.59,2306.94
0.6,0.4,2517.11,2258.06,2512.22,2482.89,2448.68,2365.59,2306.94
0.6,0.4,2521.99,2253.18,2512.22,2478.01,2448.68,2365.59,2311.83
0.6,0.4,2521.99,2253.18,2512.22,2478.01,2448.68,2365.59,2311.83
0.6,0.4,2536.66,2267.84,2512.22,2482.89,2448.68,2365.59,2341.15
0.6,0.4,2536.66,2267.84,2512.22,2482.89,2448.68,2365.59,2341.15
0.6,0.4,2526.88,2262.95,2512.22,2478.01,2448.68,2365.59,2321.60
0.6,0.4,2526.88,2262.95,2512.22,2478.01,2448.68,2365.59,2321.60
0.6,0.4,2517.11,2253.18,2512.22,2482.89,2443.79,2365.59,2302.05
0.6,0.4,2517.11,2253.18,2512.22,2482.89,2443.79,2365.59,2302.05
0.6,0.4,2531.77,2262.95,2512.22,2482.89,2448.68,2365.59,2336.27
0.6,0.4,2531.77,2262.95,2512.22,2482.89,2448.68,2365.59,2336.27
0.6,0.4,2531.77,2267.84,2512.22,2482.89,2448.68,2365.59,2336.27
0.6,0.4,2531.77,2267.84,2512.22,2482.89,2448.68,2365.59,2336.27
0.6,0.4,2517.11,2253.18,2512.22,2482.89,2448.68,2365.59,2302.05
0.6,0.4,2517.11,2253.18,2512.22,2482.89,2448.68,2365.59,2302.05
0.6,0.4,2526.88,2258.06,2512.22,2478.01,2448.68,2365.59,2321.60
0.6,0.4,2526.88,2258.06,2512.22,2478.01,2448.68,2365.59,2321.60
0.6,0.4,2531.77,2267.84,2512.22,2482.89,2448.68,2365.59,2341.15
0.6,0.4,2531.77,2267.84,2512.22,2482.89,2448.68,2365.59,2341.15
0.6,0.4,2521.99,2258.06,2512.22,2478.01,2448.68,2365.59,2311.83
0.6,0.4,2521.99,2258.06,2512.22,2478.01,2448.68,2365.59,2311.83
0.6,0.4,2521.99,2253.18,2512.22,2482.89,2448.68,2365.59,2306.94
0.6,0.4,2521.99,2253.18,2512.22,2482.89,2448.68,2365.59,2306.94
0.6,0.4,2531.77,2267.84,2512.22,2482.89,2448.68,2365.59,2341.15
0.6,0.4,2531.77,2267.84,2512.22,2482.89,2448.68,2365.59,2341.15
0.6,0.4,2526.88,2262.95,2512.22,2478.01,2448.68,2365.59,2321.60
0.6,0.4,2526.88,2262.95,2512.22,2478.01,2448.68,2365.59,2321.60
0.6,0.4,2517.11,2253.18,2512.22,2482.89,2443.79,2365.59,2302.05
0.6,0.4,2517.11,2253.18,2512.22,2482.89,2443.79,2365.59,2302.05
0.6,0.4,2531.77,2262.95,2512.22,2482.89,2448.68,2365.59,2331.38
0.6,0.4,2531.77,2262.95,2512.22,2482.89,2448.68,2365.59,2331.38
0.6,0.4,2531.77,2267.84,2512.22,2482.89,2448.68,2365.59,2331.38
0.6,0.4,2531.77,2267.84,2512.22,2482.89,2448.68,2365.59,2331.38
0.6,0.4,2517.11,2253.18,2512.22,2482.89,2443.79,2365.59,2302.05
0.6,0.4,2517.11,2253.18,2512.22,2482.89,2443.79,2365.59,2302.05
0.6,0.4,2526.88,2258.06,2512.22,2482.89,2448.68,2365.59,2326.49
0.6,0.4,2526.88,2258.06,2512.22,2482.89,2448.68,2365.59,2326.49
0.6,0.4,2536.66,2267.84,2512.22,2482.89,2448.68,2365.59,2341.15
0.6,0.4,2536.66,2267.84,2512.22,2482.89,2448.68,2365.59,2341.15
0.6,0.4,2517.11,2258.06,2512.22,2482.89,2448.68,2365.59,2306.94
0.6,0.4,2517.11,2258.06,2512.22,2482.89,2448.68,2365.59,2306.94
0.6,0.4,2521.99,2258.06,2507.33,2482.89,2443.79,2365.59,2316.72
0.6,0.4,2521.99,2258.06,2507.33,2482.89,2443.79,2365.59,2316.72
0.6,0.4,2536.66,2267.84,2512.22,2482.89,2448.68,2365.59,2341.15
0.6,0.4,2536.66,2267.84,2512.22,2482.89,2448.68,2365.59,2341.15
0.6,0.4,2521.99,2258.06,2512.22,2478.01,2448.68,2365.59,2311.83
0.6,0.4,2521.99,2258.06,2512.22,2478.01,2448.68,2365.59,2311.83
0.5,0.5,2512.22,2321.60,2482.89,2473.12,2443.79,2380.25,2326.49
0.5,0.5,2517.11,2326.49,2482.89,2473.12,2443.79,2380.25,2331.38
0.5,0.5,2502.44,2316.72,2482.89,2473.12,2443.79,2380.25,2267.84
0.5,0.5,2512.22,2321.60,2482.89,2473.12,2443.79,2380.25,2326.49
0.5,0.5,2517.11,2326.49,2482.89,2473.12,2443.79,2380.25,2326.49
0.5,0.5,2502.44,2311.83,2482.89,2473.12,2443.79,2380.25,2267.84
0.5,0.5,2512.22,2321.60,2482.89,2473.12,2443.79,2380.25,2331.38
0.5,0.5,2517.11,2326.49,2482.89,2473.12,2443.79,2380.25,2321.60
0.5,0.5,2502.44,2311.83,2482.89,2473.12,2443.79,2380.25,2267.84
0.5,0.5,2517.11,2321.60,2482.89,2473.12,2443.79,2380.25,2331.38
0.5,0.5,2517.11,2321.60,2482.89,2473.12,2443.79,2380.25,2316.72
0.5,0.5,2502.44,2311.83,2482.89,2473.12,2443.79,2380.25,2267.84
0.5,0.5,2517.11,2321.60,2482.89,2473.12,2443.79,2380.25,2336.27
0.5,0.5,2512.22,2321.60,2482.89,2473.12,2443.79,2380.25,2311.83
0.5,0.5,2502.44,2311.83,2482.89,2473.12,2443.79,2380.25,2267.84
0.5,0.5,2517.11,2321.60,2482.89,2473.12,2443.79,2380.25,2341.15
0.5,0.5,2512.22,2321.60,2482.89,2473.12,2443.79,2380.25,2302.05
0.5,0.5,2502.44,2311.83,2482.89,2473.12,2443.79,2380.25,2277.61
0.5,0.5,2521.99,2321.60,2482.89,2473.12,2443.79,2380.25,2346.04
0.5,0.5,2507.33,2321.60,2482.89,2473.12,2443.79,2380.25,2292.28
0.5,0.5,2502.44,2316.72,2482.89,2473.12,2443.79,2380.25,2287.39
0.5,0.5,2521.99,2326.49,2482.89,2473.12,2443.79,2380.25,2346.04
0.5,0.5,2507.33,2316.72,2482.89,2473.12,2443.79,2380.25,2277.61
0.5,0.5,2507.33,2316.72,2482.89,2473.12,2443.79,2380.25,2302.05
0.5,0.5,2517.11,2326.49,2482.89,2473.12,2443.79,2380.25,2341.15
0.5,0.5,2502.44,2316.72,2482.89,2473.12,2443.79,2380.25,2267.84
0.5,0.5,2512.22,2316.72,2482.89,2473.12,2443.79,2380.25,2316.72
0.5,0.5,2517.11,2326.49,2487.78,2473.12,2443.79,2380.25,2331.38
0.5,0.5,2502.44,2311.83,2482.89,2468.23,2443.79,2380.25,2267.84
0.5,0.5,2512.22,2321.60,2482.89,2473.12,2443.79,2380.25,2326.49
0.5,0.5,2517.11,2326.49,2482.89,2473.12,2443.79,2380.25,2321.60
0.5,0.5,2502.44,2311.83,2482.89,2473.12,2443.79,2380.25,2262.95
0.5,0.5,2517.11,2321.60,2482.89,2473.12,2443.79,2380.25,2331.38
0.5,0.5,2517.11,2326.49,2482.89,2468.23,2448.68,2380.25,2316.72
0.5,0.5,2502.44,2311.83,2482.89,2473.12,2443.79,2380.25,2267.84
0.5,0.5,2517.11,2321.60,2482.89,2473.12,2443.79,2380.25,2336.27
0.5,0.5,2512.22,2321.60,2482.89,2473.12,2443.79,2380.25,2306.94
0.5,0.5,2502.44,2311.83,2482.89,2468.23,2443.79,2380.25,2272.73
0.5,0.5,2517.11,2326.49,2482.89,2473.12,2443.79,2380.25,2341.15
0.5,0.5,2512.22,2321.60,2482.89,2468.23,2443.79,2380.25,2297.17
0.5,0.5,2507.33,2316.72,2482.89,2473.12,2443.79,2380.25,2277.61
0.5,0.5,2521.99,2326.49,2482.89,2473.12,2443.79,2380.25,2346.04
0.5,0.5,2507.33,2316.72,2482.89,2473.12,2443.79,2380.25,2282.50
0.5,0.5,2507.33,2316.72,2482.89,2473.12,2443.79,2380.25,2297.17
0.5,0.5,2517.11,2326.49,2482.89,2473.12,2443.79,2380.25,2341.15
0.5,0.5,2502.44,2316.72,2482.89,2473.12,2443.79,2375.37,2267.84
0.5,0.5,2512.22,2321.60,2482.89,2468.23,2443.79,2380.25,2316.72
0.5,0.5,2517.11,2326.49,2482.89,2473.12,2443.79,2380.25,2326.49
0.5,0.5,2502.44,2316.72,2482.89,2473.12,2443.79,2380.25,2262.95
0.5,0.5,2517.11,2321.60,2482.89,2473.12,2443.79,2380.25,2336.27
0.5,0.5,2512.22,2321.60,2482.89,2468.23,2443.79,2375.37,2302.05
0.5,0.5,2502.44,2316.72,2482.89,2468.23,2443.79,2380.25,2272.73
0.5,0.5,2521.99,2326.49,2482.89,2473.12,2443.79,2380.25,2346.04
0.5,0.5,2507.33,2316.72,2482.89,2473.12,2443.79,2380.25,2282.50
0.5,0.5,2507.33,2316.72,2482.89,2473.12,2443.79,2375.37,2292.28
0.5,0.5,2521.99,2326.49,2482.89,2473.12,2443.79,2380.25,2341.15
0.5,0.5,2507.33,2316.72,2482.89,2473.12,2443.79,2380.25,2272.73
0.5,0.5,2512.22,2316.72,2482.89,2473.12,2443.79,2380.25,2306.94
0.5,0.5,2517.11,2326.49,2482.89,2468.23,2443.79,2380.25,2331.38
0.5,0.5,2502.44,2316.72,2482.89,2473.12,2443.79,2375.37,2267.84
0.5,0.5,2512.22,2321.60,2482.89,2468.23,2443.79,2375.37,2326.49
0.5,0.5,2517.11,2321.60,2482.89,2473.12,2443.79,2380.25,2311.83
0.5,0.5,2502.44,2316.72,2482.89,2468.23,2443.79,2375.37,2267.84
0.5,0.5,2521.99,2326.49,2482.89,2473.12,2443.79,2380.25,2341.15
0.5,0.5,2512.22,2321.60,2482.89,2468.23,2443.79,2375.37,2297.17
0.5,0.5,2507.33,2311.83,2482.89,2473.12,2443.79,2375.37,2277.61
0.5,0.5,2521.99,2326.49,2482.89,2468.23,2443.79,2375.37,2346.04
0.5,0.5,2507.33,2316.72,2482.89,2468.23,2443.79,2380.25,2277.61
0.5,0.5,2507.33,2316.72,2482.89,2468.23,2443.79,2375.37,2297.17
0.5,0.5,2517.11,2326.49,2482.89,2468.23,2443.79,2375.37,2336.27
0.5,0.5,2502.44,2316.72,2482.89,2468.23,2443.79,2375.37,2267.84
0.5,0.5,2512.22,2321.60,2482.89,2468.23,2443.79,2375.37,2311.83
0.5,0.5,2517.11,2326.49,2482.89,2468.23,2443.79,2375.37,2326.49
0.5,0.5,2502.44,2316.72,2482.89,2468.23,2443.79,2375.37,2262.95
0.5,0.5,2517.11,2321.60,2482.89,2468.23,2443.79,2375.37,2331.38
0.5,0.5,2512.22,2321.60,2482.89,2468.23,2443.79,2375.37,2311.83
0.5,0.5,2502.44,2311.83,2482.89,2468.23,2443.79,2375.37,2272.73
0.5,0.5,2517.11,2326.49,2482.89,2468.23,2443.79,2375.37,2341.15
0.5,0.5,2507.33,2321.60,2482.89,2468.23,2443.79,2375.37,2292.28
0.5,0.5,2507.33,2316.72,2482.89,2468.23,2443.79,2375.37,2287.39
0.5,0.5,2517.11,2326.49,2482.89,2468.23,2443.79,2375.37,2341.15
0.5,0.5,2502.44,2316.72,2482.89,2468.23,2443.79,2375.37,2272.73
0.5,0.5,2507.33,2316.72,2482.89,2468.23,2443.79,2375.37,2306.94
0.5,0.5,2517.11,2326.49,2482.89,2468.23,2443.79,2380.25,2331.38
0.5,0.5,2502.44,2316.72,2482.89,2468.23,2443.79,2375.37,2267.84
0.5,0.5,2517.11,2321.60,2482.89,2473.12,2443.79,2375.37,2331.38
0.5,0.5,2517.11,2321.60,2482.89,2473.12,2443.79,2375.37,2306.94
0.5,0.5,2502.44,2311.83,2482.89,2468.23,2443.79,2375.37,2272.73
0.5,0.5,2517.11,2326.49,2482.89,2468.23,2443.79,2375.37,2346.04
0.5,0.5,2507.33,2316.72,2482.89,2468.23,2443.79,2375.37,2277.61
0.5,0.5,2507.33,2316.72,2482.89,2468.23,2443.79,2375.37,2302.05
0.5,0.5,2517.11,2326.49,2482.89,2468.23,2443.79,2375.37,2331.38
0.5,0.5,2502.44,2311.83,2482.89,2473.12,2443.79,2375.37,2262.95
0.5,0.5,2517.11,2321.60,2482.89,2468.23,2443.79,2375.37,2336.27
0.5,0.5,2507.33,2321.60,2482.89,2468.23,2443.79,2375.37,2292.28
0.5,0.5,2507.33,2316.72,2482.89,2468.23,2443.79,2375.37,2292.28
0.5,0.5,2521.99,2326.49,2482.89,2468.23,2443.79,2380.25,2331.38
0.5,0.5,2502.44,2316.72,2482.89,2468.23,2443.79,2375.37,2262.95
0.5,0.5,2517.11,2321.60,2482.89,2468.23,2443.79,2375.37,2336.27
0.5,0.5,2512.22,2321.60,2482.89,2468.23,2443.79,2375.37,2287.39
0.4,0.6,3914.96,3152.49,2082.11,2526.88,2443.79,2341.15,1881.72
0.4,0.6,3914.96,3152.49,2077.22,2521.99,2438.91,2341.15,1876.83
0.4,0.6,3914.96,3152.49,2077.22,2512.22,2429.13,2341.15,1871.95
0.4,0.6,3919.84,3157.38,2082.11,2526.88,2443.79,2341.15,1881.72
0.4,0.6,3919.84,3152.49,2082.11,2521.99,2438.91,2341.15,1876.83
0.4,0.6,3919.84,3157.38,2077.22,2512.22,2429.13,2341.15,1876.83
0.4,0.6,3924.73,3162.27,2082.11,2526.88,2443.79,2341.15,1881.72
0.4,0.6,3924.73,3157.38,2082.11,2526.88,2443.79,2346.04,1881.72
0.4,0.6,3924.73,3162.27,2077.22,2512.22,2424.24,2341.15,1871.95
0.4,0.6,3929.62,3162.27,2082.11,2521.99,2438.91,2341.15,1881.72
0.4,0.6,3934.51,3162.27,2082.11,2526.88,2443.79,2341.15,1881.72
0.4,0.6,3929.62,3162.27,2077.22,2512.22,2429.13,2341.15,1876.83
0.4,0.6,3934.51,3167.16,2082.11,2521.99,2438.91,2341.15,1881.72
0.4,0.6,3934.51,3167.16,2082.11,2526.88,2443.79,2341.15,1886.61
0.4,0.6,3934.51,3167.16,2077.22,2512.22,2424.24,2341.15,1871.95
0.4,0.6,3939.39,3167.16,2082.11,2521.99,2438.91,2341.15,1881.72
0.4,0.6,3939.39,3167.16,2087.00,2526.88,2443.79,2341.15,1886.61
0.4,0.6,3939.39,3167.16,2077.22,2512.22,2429.13,2341.15,1876.83
0.4,0.6,3939.39,3172.04,2082.11,2521.99,2438.91,2341.15,1881.72
0.4,0.6,3944.28,3172.04,2087.00,2526.88,2443.79,2341.15,1886.61
0.4,0.6,3944.28,3172.04,2082.11,2512.22,2429.13,2341.15,1876.83
0.4,0.6,3944.28,3172.04,2082.11,2521.99,2438.91,2341.15,1881.72
0.4,0.6,3949.17,3172.04,2087.00,2526.88,2443.79,2341.15,1881.72
0.4,0.6,3949.17,3172.04,2082.11,2512.22,2424.24,2341.15,1876.83
0.4,0.6,3949.17,3176.93,2082.11,2521.99,2438.91,2341.15,1881.72
0.4,0.6,3954.06,3176.93,2087.00,2526.88,2443.79,2341.15,1886.61
0.4,0.6,3949.17,3176.93,2082.11,2512.22,2424.24,2341.15,1876.83
0.4,0.6,3954.06,3181.82,2087.00,2521.99,2443.79,2341.15,1886.61
0.4,0.6,3954.06,3176.93,2087.00,2521.99,2438.91,2341.15,1881.72
0.4,0.6,3954.06,3176.93,2082.11,2512.22,2424.24,2341.15,1876.83
0.4,0.6,3958.94,3181.82,2091.89,2526.88,2443.79,2341.15,1886.61
0.4,0.6,3958.94,3181.82,2087.00,2521.99,2438.91,2341.15,1881.72
0.4,0.6,3958.94,3181.82,2082.11,2512.22,2429.13,2341.15,1876.83
0.4,0.6,3958.94,3181.82,2091.89,2526.88,2443.79,2341.15,1886.61
0.4,0.6,3958.94,3181.82,2087.00,2521.99,2434.02,2341.15,1881.72
0.4,0.6,3963.83,3186.71,2087.00,2517.11,2429.13,2341.15,1881.72
0.4,0.6,3963.83,3186.71,2091.89,2526.88,2443.79,2341.15,1886.61
0.4,0.6,3963.83,3186.71,2087.00,2517.11,2434.02,2341.15,1881.72
0.4,0.6,3968.72,3186.71,2087.00,2517.11,2434.02,2341.15,1881.72
0.4,0.6,3968.72,3186.71,2091.89,2526.88,2443.79,2341.15,1886.61
0.4,0.6,3968.72,3186.71,2087.00,2512.22,2429.13,2341.15,1876.83
0.4,0.6,3968.72,3191.59,2087.00,2521.99,2438.91,2341.15,1886.61
0.4,0.6,3973.61,3186.71,2091.89,2526.88,2443.79,2341.15,1886.61
0.4,0.6,3968.72,3191.59,2087.00,2512.22,2424.24,2341.15,1876.83
0.4,0.6,3973.61,3191.59,2091.89,2521.99,2443.79,2341.15,1886.61
0.4,0.6,3973.61,3191.59,2091.89,2521.99,2438.91,2341.15,1886.61
0.4,0.6,3973.61,3191.59,2087.00,2512.22,2424.24,2341.15,1876.83
0.4,0.6,3978.49,3196.48,2091.89,2526.88,2443.79,2341.15,1891.50
0.4,0.6,3978.49,3196.48,2091.89,2521.99,2434.02,2341.15,1886.61
0.4,0.6,3978.49,3196.48,2091.89,2512.22,2429.13,2341.15,1881.72
0.4,0.6,3983.38,3196.48,2096.77,2526.88,2448.68,2341.15,1891.50
0.4,0.6,3978.49,3196.48,2091.89,2517.11,2429.13,2341.15,1881.72
0.4,0.6,3983.38,3196.48,2091.89,2517.11,2434.02,2341.15,1881.72
0.4,0.6,3983.38,3196.48,2096.77,2526.88,2443.79,2341.15,1891.50
0.4,0.6,3983.38,3196.48,2091.89,2512.22,2429.13,2341.15,1881.72
0.4,0.6,3983.38,3201.37,2096.77,2521.99,2438.91,2341.15,1886.61
0.4,0.6,3988.27,3201.37,2096.77,2526.88,2443.79,2341.15,1891.50
0.4,0.6,3988.27,3201.37,2091.89,2512.22,2424.24,2341.15,1881.72
0.4,0.6,3988.27,3201.37,2096.77,2526.88,2443.79,2341.15,1891.50
0.4,0.6,3988.27,3201.37,2096.77,2521.99,2438.91,2341.15,1886.61
0.4,0.6,3988.27,3201.37,2091.89,2512.22,2429.13,2341.15,1881.72
0.4,0.6,3993.16,3206.26,2101.66,2526.88,2448.68,2341.15,1891.50
0.4,0.6,3988.27,3201.37,2096.77,2517.11,2434.02,2346.04,1886.61
0.4,0.6,3993.16,3206.26,2096.77,2517.11,2429.13,2341.15,1886.61
0.4,0.6,3993.16,3206.26,2101.66,2526.88,2443.79,2346.04,1891.50
0.4,0.6,3993.16,3206.26,2096.77,2517.11,2429.13,2341.15,1881.72
0.4,0.6,3998.05,3206.26,2096.77,2521.99,2434.02,2341.15,1886.61
0.4,0.6,3998.05,3206.26,2101.66,2526.88,2443.79,2341.15,1891.50
0.4,0.6,3993.16,3206.26,2096.77,2512.22,2424.24,2341.15,1881.72
0.4,0.6,3998.05,3211.14,2096.77,2526.88,2438.91,2341.15,1891.50
0.4,0.6,3998.05,3206.26,2096.77,2521.99,2438.91,2341.15,1891.50
0.4,0.6,3998.05,3211.14,2096.77,2512.22,2429.13,2341.15,1886.61
0.4,0.6,4002.93,3211.14,2101.66,2526.88,2443.79,2341.15,1896.38
0.4,0.6,4002.93,3211.14,2096.77,2517.11,2429.13,2341.15,1886.61
0.4,0.6,4002.93,3216.03,2096.77,2517.11,2434.02,2341.15,1886.61
0.4,0.6,4007.82,3216.03,2101.66,2526.88,2443.79,2341.15,1891.50
0.4,0.6,4007.82,3211.14,2096.77,2512.22,2424.24,2341.15,1881.72
0.4,0.6,4007.82,3216.03,2101.66,2526.88,2443.79,2341.15,1891.50
0.4,0.6,4007.82,3211.14,2101.66,2521.99,2434.02,2341.15,1886.61
0.4,0.6,4007.82,3216.03,2096.77,2517.11,2429.13,2341.15,1886.61
0.4,0.6,4012.71,3220.92,2106.55,2526.88,2443.79,2341.15,1896.38
0.4,0.6,4012.71,3216.03,2096.77,2512.22,2424.24,2341.15,1886.61
0.4,0.6,4017.60,3220.92,2106.55,2521.99,2438.91,2341.15,1891.50
0.4,0.6,4017.60,3216.03,2101.66,2521.99,2438.91,2341.15,1891.50
0.4,0.6,4017.60,3220.92,2101.66,2512.22,2429.13,2341.15,1886.61
0.4,0.6,4017.60,3220.92,2106.55,2526.88,2443.79,2341.15,1896.38
0.4,0.6,4017.60,3220.92,2101.66,2512.22,2429.13,2341.15,1886.61
0.4,0.6,4022.48,3225.81,2106.55,2521.99,2438.91,2346.04,1891.50
0.4,0.6,4022.48,3225.81,2106.55,2521.99,2438.91,2341.15,1891.50
0.4,0.6,4022.48,3225.81,2101.66,2512.22,2429.13,2341.15,1886.61
0.4,0.6,4027.37,3225.81,2106.55,2526.88,2443.79,2341.15,1896.38
0.4,0.6,4027.37,3225.81,2101.66,2517.11,2429.13,2346.04,1886.61
0.4,0.6,4032.26,3235.58,2106.55,2521.99,2434.02,2341.15,1891.50
0.4,0.6,4037.15,3230.69,2106.55,2526.88,2443.79,2341.15,1896.38
0.4,0.6,4037.15,3235.58,2101.66,2512.22,2429.13,2341.15,1886.61
0.4,0.6,4042.03,3240.47,2111.44,2526.88,2443.79,2341.15,1896.38
0.4,0.6,4042.03,3235.58,2106.55,2517.11,2434.02,2341.15,1891.50
0.4,0.6,4046.92,3240.47,2106.55,2517.11,2434.02,2341.15,1886.61
0.4,0.6,4051.81,3240.47,2111.44,2526.88,2443.79,2341.15,1901.27
0.4,0.6,4051.81,3240.47,2106.55,2512.22,2429.13,2341.15,1886.61
0.3,0.7,4975.56,3538.61,997.07,1109.48,1060.61,953.08,615.84
0.3,0.7,4975.56,3523.95,1021.51,1143.70,1104.59,987.29,650.05
0.3,0.7,4975.56,3509.29,1001.96,1124.14,1070.38,962.85,630.50
0.3,0.7,4975.56,3538.61,997.07,1109.48,1060.61,953.08,620.72
0.3,0.7,4975.56,3523.95,1021.51,1148.58,1104.59,987.29,650.05
0.3,0.7,4975.56,3509.29,1006.84,1119.26,1070.38,962.85,630.50
0.3,0.7,4975.56,3543.50,1001.96,1109.48,1055.72,948.19,615.84
0.3,0.7,4975.56,3523.95,1026.39,1143.70,1104.59,982.40,650.05
0.3,0.7,4975.56,3514.17,1006.84,1119.26,1065.49,957.97,630.50
0.3,0.7,4975.56,3543.50,997.07,1109.48,1055.72,948.19,615.84
0.3,0.7,4975.56,3528.84,1026.39,1143.70,1099.71,982.40,650.05
0.3,0.7,4975.56,3514.17,1001.96,1114.37,1065.49,957.97,630.50
0.3,0.7,4975.56,3543.50,997.07,1104.59,1055.72,943.30,610.95
0.3,0.7,4975.56,3528.84,1021.51,1138.81,1099.71,977.52,645.16
0.3,0.7,4975.56,3514.17,1001.96,1114.37,1060.61,953.08,625.61
0.3,0.7,4975.56,3543.50,997.07,1109.48,1055.72,948.19,615.84
0.3,0.7,4975.56,3523.95,1026.39,1138.81,1099.71,982.40,650.05
0.3,0.7,4975.56,3514.17,1001.96,1109.48,1060.61,953.08,625.61
0.3,0.7,4975.56,3543.50,1001.96,1109.48,1060.61,948.19,615.84
0.3,0.7,4975.56,3523.95,1026.39,1143.70,1099.71,977.52,650.05
0.3,0.7,4975.56,3519.06,997.07,1104.59,1050.83,948.19,615.84
0.3,0.7,4975.56,3543.50,1006.84,1119.26,1065.49,953.08,620.72
0.3,0.7,4975.56,3538.61,1021.51,1138.81,1094.82,977.52,645.16
0.3,0.7,4975.56,3528.84,992.18,1099.71,1045.94,938.42,610.95
0.3,0.7,4975.56,3548.39,1006.84,1119.26,1070.38,957.97,625.61
0.3,0.7,4975.56,3514.17,1016.62,1133.92,1089.93,972.63,645.16
0.3,0.7,4975.56,3528.84,992.18,1099.71,1041.06,938.42,610.95
0.3,0.7,4975.56,3548.39,1011.73,1119.26,1075.27,957.97,630.50
0.3,0.7,4975.56,3514.17,1016.62,1129.03,1085.04,972.63,640.27
0.3,0.7,4975.56,3533.72,987.29,1094.82,1041.06,938.42,606.06
0.3,0.7,4975.56,3543.50,1011.73,1124.14,1080.16,962.85,635.39
0.3,0.7,4975.56,3514.17,1011.73,1124.14,1080.16,967.74,640.27
0.3,0.7,4975.56,3538.61,987.29,1094.82,1041.06,933.53,606.06
0.3,0.7,4975.56,3543.50,1016.62,1129.03,1089.93,967.74,640.27
0.3,0.7,4975.56,3514.17,1006.84,1119.26,1070.38,962.85,630.50
0.3,0.7,4975.56,3543.50,992.18,1099.71,1045.94,938.42,610.95
0.3,0.7,4975.56,3528.84,1021.51,1133.92,1094.82,977.52,645.16
0.3,0.7,4975.56,3514.17,1001.96,1114.37,1060.61,953.08,625.61
0.3,0.7,4975.56,3548.39,992.18,1099.71,1045.94,938.42,610.95
0.3,0.7,4975.56,3528.84,1021.51,1133.92,1094.82,972.63,645.16
0.3,0.7,4975.56,3514.17,997.07,1104.59,1050.83,948.19,620.72
0.3,0.7,4975.56,3548.39,997.07,1104.59,1055.72,943.30,615.84
0.3,0.7,4975.56,3519.06,1021.51,1133.92,1089.93,972.63,645.16
0.3,0.7,4975.56,3523.95,992.18,1094.82,1041.06,938.42,610.95
0.3,0.7,4975.56,3548.39,1001.96,1114.37,1065.49,953.08,620.72
0.3,0.7,4975.56,3514.17,1011.73,1133.92,1089.93,972.63,645.16
0.3,0.7,4975.56,3533.72,982.40,1094.82,1041.06,938.42,606.06
0.3,0.7,4975.56,3543.50,1011.73,1119.26,1080.16,962.85,630.50
0.3,0.7,4975.56,3514.17,1006.84,1124.14,1080.16,967.74,640.27
0.3,0.7,4975.56,3538.61,987.29,1094.82,1041.06,938.42,606.06
0.3,0.7,4975.56,3533.72,1016.62,1133.92,1089.93,972.63,640.27
0.3,0.7,4975.56,3514.17,997.07,1109.48,1060.61,953.08,625.61
0.3,0.7,4975.56,3548.39,997.07,1099.71,1050.83,943.30,610.95
0.3,0.7,4975.56,3519.06,1021.51,1133.92,1089.93,972.63,645.16
0.3,0.7,4975.56,3528.84,987.29,1094.82,1036.17,938.42,606.06
0.3,0.7,4975.56,3548.39,1006.84,1119.26,1075.27,957.97,625.61
0.3,0.7,4975.56,3514.17,1006.84,1124.14,1075.27,962.85,635.39
0.3,0.7,4975.56,3538.61,987.29,1094.82,1041.06,938.42,606.06
0.3,0.7,4975.56,3533.72,1016.62,1133.92,1094.82,977.52,645.16
0.3,0.7,4975.56,3514.17,992.18,1104.59,1055.72,948.19,620.72
0.3,0.7,4975.56,3543.50,997.07,1109.48,1060.61,948.19,615.84
0.3,0.7,4975.56,3519.06,1016.62,1133.92,1089.93,972.63,645.16
0.3,0.7,4975.56,3528.84,982.40,1094.82,1036.17,933.53,606.06
0.3,0.7,4975.56,3543.50,1011.73,1124.14,1085.04,962.85,635.39
0.3,0.7,4975.56,3514.17,1001.96,1119.26,1070.38,957.97,630.50
0.3,0.7,4975.56,3543.50,987.29,1094.82,1041.06,938.42,606.06
0.3,0.7,4975.56,3528.84,1016.62,1133.92,1094.82,972.63,645.16
0.3,0.7,4975.56,3514.17,992.18,1099.71,1045.94,943.30,615.84
0.3,0.7,4975.56,3548.39,997.07,1109.48,1065.49,948.19,620.72
0.3,0.7,4975.56,3509.29,1011.73,1129.03,1085.04,972.63,640.27
0.3,0.7,4975.56,3533.72,982.40,1089.93,1036.17,933.53,606.06
0.3,0.7,4975.56,3543.50,1011.73,1124.14,1085.04,967.74,635.39
0.3,0.7,4975.56,3514.17,997.07,1114.37,1065.49,957.97,625.61
0.3,0.7,4975.56,3543.50,992.18,1104.59,1050.83,943.30,610.95
0.3,0.7,4975.56,3523.95,1011.73,1129.03,1089.93,972.63,645.16
0.3,0.7,4975.56,3523.95,987.29,1099.71,1041.06,938.42,610.95
0.3,0.7,4975.56,3543.50,1001.96,1114.37,1070.38,953.08,625.61
0.3,0.7,4975.56,3514.17,1006.84,1124.14,1080.16,967.74,640.27
0.3,0.7,4975.56,3533.72,987.29,1094.82,1041.06,938.42,606.06
0.3,0.7,4975.56,3533.72,1011.73,1129.03,1085.04,967.74,640.27
0.3,0.7,4975.56,3514.17,997.07,1109.48,1060.61,953.08,625.61
0.3,0.7,4975.56,3543.50,992.18,1099.71,1050.83,943.30,610.95
0.3,0.7,4975.56,3523.95,1011.73,1129.03,1089.93,972.63,645.16
0.3,0.7,4975.56,3523.95,987.29,1094.82,1041.06,938.42,610.95
0.3,0.7,4975.56,3543.50,1001.96,1114.37,1065.49,957.97,625.61
0.3,0.7,4975.56,3514.17,1006.84,1124.14,1080.16,967.74,640.27
0.3,0.7,4975.56,3538.61,982.40,1094.82,1036.17,938.42,606.06
0.3,0.7,4975.56,3528.84,1011.73,1129.03,1085.04,967.74,640.27
0.3,0.7,4975.56,3514.17,997.07,1104.59,1055.72,948.19,625.61
0.3,0.7,4975.56,3543.50,997.07,1099.71,1050.83,943.30,610.95
0.3,0.7,4975.56,3523.95,1016.62,1129.03,1085.04,967.74,640.27
0.3,0.7,4975.56,3528.84,987.29,1094.82,1036.17,938.42,606.06
0.3,0.7,4975.56,3543.50,1006.84,1114.37,1070.38,957.97,625.61
0.3,0.7,4975.56,3514.17,1006.84,1114.37,1065.49,957.97,635.39
0.3,0.7,4975.56,3538.61,987.29,1089.93,1036.17,933.53,601.17
0.3,0.7,4975.56,3528.84,1011.73,1124.14,1080.16,967.74,640.27
0.3,0.7,4975.56,3519.06,992.18,1094.82,1045.94,943.30,615.84
0.3,0.7,4975.56,3543.50,997.07,1104.59,1055.72,948.19,615.84
0.3,0.7,4975.56,3514.17,1011.73,1124.14,1080.16,967.74,645.16
0.3,0.7,4975.56,3533.72,982.40,1089.93,1031.28,933.53,606.06
0.2,0.8,2507.33,2194.53,1622.68,1686.22,1642.23,1520.04,1407.62
0.2,0.8,2497.56,2194.53,1559.14,1617.79,1564.03,1451.61,1270.77
0.2,0.8,2502.44,2214.08,1588.47,1647.12,1593.35,1480.94,1329.42
0.2,0.8,2507.33,2194.53,1617.79,1676.44,1637.34,1515.15,1392.96
0.2,0.8,2497.56,2204.30,1549.36,1612.90,1559.14,1446.73,1256.11
0.2,0.8,2502.44,2214.08,1598.24,1661.78,1608.02,1490.71,1353.86
0.2,0.8,2502.44,2194.53,1608.02,1671.55,1627.57,1505.38,1378.30
0.2,0.8,2492.67,2204.30,1549.36,1608.02,1554.25,1441.84,1251.22
0.2,0.8,2507.33,2209.19,1608.02,1666.67,1622.68,1500.49,1373.41
0.2,0.8,2502.44,2189.64,1598.24,1661.78,1617.79,1495.60,1358.75
0.2,0.8,2497.56,2209.19,1549.36,1612.90,1554.25,1441.84,1256.11
0.2,0.8,2507.33,2209.19,1612.90,1676.44,1627.57,1505.38,1388.07
0.2,0.8,2502.44,2189.64,1588.47,1652.00,1608.02,1485.83,1339.20
0.2,0.8,2497.56,2214.08,1554.25,1612.90,1559.14,1446.73,1261.00
0.2,0.8,2507.33,2204.30,1617.79,1681.33,1637.34,1515.15,1397.85
0.2,0.8,2502.44,2194.53,1578.69,1642.23,1593.35,1480.94,1324.54
0.2,0.8,2497.56,2214.08,1559.14,1617.79,1559.14,1446.73,1270.77
0.2,0.8,2507.33,2204.30,1622.68,1686.22,1637.34,1515.15,1402.74
0.2,0.8,2502.44,2194.53,1573.80,1637.34,1588.47,1476.05,1314.76
0.2,0.8,2497.56,2214.08,1559.14,1622.68,1564.03,1451.61,1275.66
0.2,0.8,2507.33,2204.30,1622.68,1686.22,1642.23,1520.04,1407.62
0.2,0.8,2502.44,2194.53,1573.80,1637.34,1588.47,1471.16,1309.87
0.2,0.8,2497.56,2214.08,1559.14,1622.68,1564.03,1451.61,1280.55
0.2,0.8,2507.33,2204.30,1622.68,1686.22,1637.34,1520.04,1407.62
0.2,0.8,2502.44,2194.53,1573.80,1632.45,1588.47,1471.16,1309.87
0.2,0.8,2497.56,2214.08,1559.14,1622.68,1564.03,1451.61,1275.66
0.2,0.8,2507.33,2204.30,1622.68,1681.33,1637.34,1515.15,1407.62
0.2,0.8,2502.44,2194.53,1573.80,1637.34,1593.35,1476.05,1319.65
0.2,0.8,2497.56,2214.08,1559.14,1617.79,1564.03,1451.61,1270.77
0.2,0.8,2507.33,2204.30,1617.79,1681.33,1637.34,1515.15,1402.74
0.2,0.8,2502.44,2194.53,1578.69,1642.23,1598.24,1480.94,1329.42
0.2,0.8,2497.56,2209.19,1559.14,1617.79,1559.14,1446.73,1265.88
0.2,0.8,2507.33,2204.30,1617.79,1681.33,1632.45,1515.15,1397.85
0.2,0.8,2502.44,2189.64,1578.69,1642.23,1598.24,1480.94,1329.42
0.2,0.8,2497.56,2209.19,1554.25,1617.79,1559.14,1446.73,1265.88
0.2,0.8,2507.33,2204.30,1617.79,1681.33,1632.45,1515.15,1402.74
0.2,0.8,2502.44,2194.53,1578.69,1642.23,1593.35,1480.94,1324.54
0.2,0.8,2497.56,2214.08,1559.14,1617.79,1564.03,1451.61,1275.66
0.2,0.8,2507.33,2204.30,1622.68,1686.22,1642.23,1520.04,1407.62
0.2,0.8,2502.44,2194.53,1573.80,1637.34,1588.47,1471.16,1314.76
0.2,0.8,2497.56,2214.08,1568.92,1627.57,1568.92,1461.39,1290.32
0.2,0.8,2507.33,2199.41,1627.57,1686.22,1647.12,1524.93,1417.40
0.2,0.8,2497.56,2194.53,1564.03,1627.57,1578.69,1466.28,1295.21
0.2,0.8,2502.44,2214.08,1578.69,1637.34,1583.58,1471.16,1309.87
0.2,0.8,2507.33,2199.41,1622.68,1686.22,1647.12,1524.93,1412.51
0.2,0.8,2497.56,2199.41,1559.14,1617.79,1564.03,1456.50,1275.66
0.2,0.8,2502.44,2214.08,1593.35,1652.00,1598.24,1485.83,1339.20
0.2,0.8,2507.33,2194.53,1612.90,1676.44,1637.34,1515.15,1397.85
0.2,0.8,2497.56,2204.30,1554.25,1612.90,1559.14,1446.73,1261.00
0.2,0.8,2502.44,2214.08,1608.02,1666.67,1617.79,1495.60,1368.52
0.2,0.8,2507.33,2194.53,1603.13,1666.67,1622.68,1505.38,1373.41
0.2,0.8,2492.67,2209.19,1549.36,1612.90,1554.25,1446.73,1261.00
0.2,0.8,2507.33,2209.19,1617.79,1676.44,1627.57,1510.26,1392.96
0.2,0.8,2502.44,2189.64,1583.58,1647.12,1598.24,1485.83,1339.20
0.2,0.8,2497.56,2209.19,1559.14,1617.79,1564.03,1451.61,1275.66
0.2,0.8,2507.33,2199.41,1627.57,1686.22,1642.23,1520.04,1412.51
0.2,0.8,2497.56,2194.53,1564.03,1627.57,1573.80,1466.28,1295.21
0.2,0.8,2502.44,2214.08,1578.69,1637.34,1583.58,1466.28,1309.87
0.2,0.8,2507.33,2194.53,1617.79,1681.33,1637.34,1520.04,1407.62
0.2,0.8,2497.56,2204.30,1549.36,1612.90,1559.14,1446.73,1270.77
0.2,0.8,2502.44,2214.08,1598.24,1656.89,1603.13,1490.71,1353.86
0.2,0.8,2507.33,2194.53,1608.02,1671.55,1627.57,1505.38,1388.07
0.2,0.8,2497.56,2204.30,1549.36,1608.02,1554.25,1441.84,1256.11
0.2,0.8,2507.33,2209.19,1612.90,1671.55,1622.68,1505.38,1388.07
0.2,0.8,2502.44,2194.53,1588.47,1652.00,1608.02,1490.71,1348.97
0.2,0.8,2497.56,2214.08,1559.14,1617.79,1559.14,1446.73,1270.77
0.2,0.8,2507.33,2204.30,1622.68,1681.33,1637.34,1515.15,1407.62
0.2,0.8,2502.44,2194.53,1568.92,1632.45,1583.58,1471.16,1309.87
0.2,0.8,2502.44,2214.08,1568.92,1627.57,1568.92,1461.39,1295.21
0.2,0.8,2507.33,2199.41,1622.68,1686.22,1642.23,1520.04,1412.51
0.2,0.8,2497.56,2199.41,1554.25,1617.79,1564.03,1451.61,1280.55
0.2,0.8,2502.44,2214.08,1588.47,1642.23,1593.35,1476.05,1329.42
0.2,0.8,2507.33,2194.53,1612.90,1676.44,1632.45,1510.26,1397.85
0.2,0.8,2497.56,2199.41,1544.48,1608.02,1554.25,1441.84,1261.00
0.2,0.8,2502.44,2209.19,1603.13,1661.78,1612.90,1495.60,1373.41
0.2,0.8,2502.44,2189.64,1593.35,1656.89,1612.90,1495.60,1363.64
0.2,0.8,2497.56,2209.19,1554.25,1608.02,1554.25,1441.84,1261.00
0.2,0.8,2507.33,2204.30,1617.79,1681.33,1632.45,1515.15,1407.62
0.2,0.8,2497.56,2189.64,1568.92,1632.45,1583.58,1471.16,1314.76
0.2,0.8,2502.44,2214.08,1568.92,1627.57,1568.92,1461.39,1300.10
0.2,0.8,2507.33,2199.41,1617.79,1681.33,1642.23,1520.04,1412.51
0.2,0.8,2497.56,2199.41,1549.36,1612.90,1559.14,1446.73,1270.77
0.2,0.8,2502.44,2214.08,1593.35,1652.00,1603.13,1485.83,1353.86
0.2,0.8,2507.33,2194.53,1603.13,1661.78,1622.68,1500.49,1378.30
0.2,0.8,2497.56,2209.19,1544.48,1608.02,1549.36,1441.84,1261.00
0.2,0.8,2507.33,2204.30,1612.90,1676.44,1627.57,1510.26,1397.85
0.2,0.8,2502.44,2194.53,1573.80,1637.34,1593.35,1476.05,1329.42
0.2,0.8,2497.56,2214.08,1564.03,1617.79,1564.03,1451.61,1285.44
0.2,0.8,2512.22,2199.41,1622.68,1681.33,1637.34,1520.04,1412.51
0.2,0.8,2497.56,2194.53,1554.25,1617.79,1568.92,1456.50,1285.44
0.2,0.8,2502.44,2214.08,1578.69,1637.34,1583.58,1471.16,1324.54
0.2,0.8,2507.33,2194.53,1612.90,1676.44,1632.45,1515.15,1402.74
0.2,0.8,2497.56,2199.41,1549.36,1608.02,1554.25,1446.73,1265.88
0.2,0.8,2507.33,2214.08,1603.13,1656.89,1608.02,1490.71,1363.64
0.2,0.8,2507.33,2194.53,1598.24,1661.78,1617.79,1500.49,1378.30
0.2,0.8,2497.56,2209.19,1544.48,1603.13,1549.36,1441.84,1261.00
0.2,0.8,2507.33,2209.19,1612.90,1671.55,1627.57,1505.38,1392.96
0.2,0.8,2502.44,2194.53,1583.58,1647.12,1603.13,1485.83,1344.09
0.2,0.8,2497.56,2214.08,1559.14,1617.79,1564.03,1451.61,1285.44
0.2,0.8,2507.33,2204.30,1627.57,1691.10,1642.23,1524.93,1422.29
0.1,0.9,3538.61,2790.81,1818.18,1920.82,1896.38,1837.73,1422.29
0.1,0.9,3538.61,2790.81,1818.18,1920.82,1896.38,1837.73,1422.29
0.1,0.9,3523.95,2707.72,1744.87,1857.28,1827.96,1793.74,1295.21
0.1,0.9,3523.95,2707.72,1744.87,1857.28,1827.96,1793.74,1295.21
0.1,0.9,3509.29,2810.36,1656.89,1744.87,1715.54,1666.67,1265.88
0.1,0.9,3509.29,2810.36,1656.89,1744.87,1715.54,1666.67,1265.88
0.1,0.9,3538.61,2737.05,1793.74,1906.16,1871.95,1827.96,1368.52
0.1,0.9,3538.61,2737.05,1793.74,1906.16,1871.95,1827.96,1368.52
0.1,0.9,3494.62,2781.04,1564.03,1661.78,1622.68,1583.58,1153.47
0.1,0.9,3494.62,2781.04,1564.03,1661.78,1622.68,1583.58,1153.47
0.1,0.9,3543.50,2795.70,1823.07,1920.82,1896.38,1837.73,1427.18
0.1,0.9,3543.50,2795.70,1823.07,1920.82,1896.38,1837.73,1427.18
0.1,0.9,3543.50,2737.05,1852.39,1974.58,1940.37,1901.27,1402.74
0.1,0.9,3543.50,2737.05,1852.39,1974.58,1940.37,1901.27,1402.74
0.1,0.9,3519.06,2839.69,1803.52,1911.05,1881.72,1832.84,1407.62
0.1,0.9,3519.06,2839.69,1803.52,1911.05,1881.72,1832.84,1407.62
0.1,0.9,3563.05,2790.81,2043.01,2179.86,2150.54,2101.66,1617.79
0.1,0.9,3563.05,2790.81,2043.01,2179.86,2150.54,2101.66,1617.79
0.1,0.9,3509.29,2810.36,1769.31,1876.83,1847.51,1803.52,1344.09
0.1,0.9,3509.29,2810.36,1769.31,1876.83,1847.51,1803.52,1344.09
0.1,0.9,3553.27,2849.46,1974.58,2091.89,2057.67,1999.02,1564.03
0.1,0.9,3553.27,2849.46,1974.58,2091.89,2057.67,1999.02,1564.03
0.1,0.9,3543.50,2741.94,1925.71,2052.79,2023.46,1979.47,1476.05
0.1,0.9,3543.50,2741.94,1925.71,2052.79,2023.46,1979.47,1476.05
0.1,0.9,3523.95,2849.46,1871.95,1989.25,1955.03,1906.16,1471.16
0.1,0.9,3523.95,2849.46,1871.95,1989.25,1955.03,1906.16,1471.16
0.1,0.9,3563.05,2795.70,2067.45,2204.30,2174.98,2126.10,1647.12
0.1,0.9,3563.05,2795.70,2067.45,2204.30,2174.98,2126.10,1647.12
0.1,0.9,3499.51,2761.49,1622.68,1720.43,1686.22,1647.12,1197.46
0.1,0.9,3499.51,2761.49,1622.68,1720.43,1686.22,1647.12,1197.46
0.1,0.9,3548.39,2854.35,1999.02,2126.10,2091.89,2038.12,1603.13
0.1,0.9,3548.39,2854.35,1999.02,2126.10,2091.89,2038.12,1603.13
0.1,0.9,3548.39,2761.49,1984.36,2121.21,2087.00,2047.90,1534.70
0.1,0.9,3548.39,2761.49,1984.36,2121.21,2087.00,2047.90,1534.70
0.1,0.9,3523.95,2849.46,1876.83,1994.13,1959.92,1911.05,1466.28
0.1,0.9,3523.95,2849.46,1876.83,1994.13,1959.92,1911.05,1466.28
0.1,0.9,3553.27,2785.92,1989.25,2116.32,2087.00,2038.12,1573.80
0.1,0.9,3553.27,2785.92,1989.25,2116.32,2087.00,2038.12,1573.80
0.1,0.9,3514.17,2805.47,1827.96,1945.26,1911.05,1867.06,1392.96
0.1,0.9,3514.17,2805.47,1827.96,1945.26,1911.05,1867.06,1392.96
0.1,0.9,3548.39,2873.90,2033.24,2160.31,2126.10,2072.34,1637.34
0.1,0.9,3548.39,2873.90,2033.24,2160.31,2126.10,2072.34,1637.34
0.1,0.9,3519.06,2737.05,1818.18,1950.15,1915.93,1876.83,1383.19
0.1,0.9,3519.06,2737.05,1818.18,1950.15,1915.93,1876.83,1383.19
0.1,0.9,3504.40,2776.15,1510.26,1593.35,1554.25,1510.26,1114.37
0.1,0.9,3504.40,2776.15,1510.26,1593.35,1554.25,1510.26,1114.37
0.1,0.9,3543.50,2756.60,1681.33,1774.19,1739.98,1691.10,1290.32
0.1,0.9,3543.50,2756.60,1681.33,1774.19,1739.98,1691.10,1290.32
0.1,0.9,3519.06,2727.27,1578.69,1676.44,1647.12,1617.79,1163.25
0.1,0.9,3519.06,2727.27,1578.69,1676.44,1647.12,1617.79,1163.25
0.1,0.9,3519.06,2781.04,1436.95,1505.38,1471.16,1417.40,1070.38
0.1,0.9,3519.06,2781.04,1436.95,1505.38,1471.16,1417.40,1070.38
0.1,0.9,3533.72,2697.95,1495.60,1568.92,1539.59,1495.60,1075.27
0.1,0.9,3533.72,2697.95,1495.60,1568.92,1539.59,1495.60,1075.27
0.1,0.9,3509.29,2751.71,1348.97,1417.40,1378.30,1334.31,957.97
0.1,0.9,3509.29,2751.71,1348.97,1417.40,1378.30,1334.31,957.97
0.1,0.9,3543.50,2737.05,1485.83,1554.25,1520.04,1471.16,1109.48
0.1,0.9,3543.50,2737.05,1485.83,1554.25,1520.04,1471.16,1109.48
0.1,0.9,3533.72,2688.17,1427.18,1510.26,1471.16,1432.06,1001.96
0.1,0.9,3533.72,2688.17,1427.18,1510.26,1471.16,1432.06,1001.96
0.1,0.9,3519.06,2781.04,1392.96,1456.50,1422.29,1373.41,1021.51
0.1,0.9,3519.06,2781.04,1392.96,1456.50,1422.29,1373.41,1021.51
0.1,0.9,3553.27,2717.50,1544.48,1627.57,1593.35,1549.36,1138.81
0.1,0.9,3553.27,2717.50,1544.48,1627.57,1593.35,1549.36,1138.81
0.1,0.9,3519.06,2741.94,1383.19,1456.50,1417.40,1378.30,982.40
0.1,0.9,3519.06,2741.94,1383.19,1456.50,1417.40,1378.30,982.40
0.1,0.9,3538.61,2781.04,1446.73,1505.38,1476.05,1417.40,1075.27
0.1,0.9,3538.61,2781.04,1446.73,1505.38,1476.05,1417.40,1075.27
0.1,0.9,3543.50,2693.06,1466.28,1539.59,1510.26,1466.28,1036.17
0.1,0.9,3543.50,2693.06,1466.28,1539.59,1510.26,1466.28,1036.17
0.1,0.9,3519.06,2771.26,1353.86,1417.40,1378.30,1334.31,972.63
0.1,0.9,3519.06,2771.26,1353.86,1417.40,1378.30,1334.31,972.63
0.1,0.9,3553.27,2737.05,1480.94,1549.36,1520.04,1466.28,1094.82
0.1,0.9,3553.27,2737.05,1480.94,1549.36,1520.04,1466.28,1094.82
0.1,0.9,3533.72,2688.17,1358.75,1432.06,1397.85,1358.75,938.42
0.1,0.9,3533.72,2688.17,1358.75,1432.06,1397.85,1358.75,938.42
0.1,0.9,3538.61,2800.59,1451.61,1524.93,1485.83,1436.95,1080.16
0.1,0.9,3538.61,2800.59,1451.61,1524.93,1485.83,1436.95,1080.16
0.1,0.9,3567.94,2737.05,1593.35,1676.44,1647.12,1598.24,1187.68
0.1,0.9,3567.94,2737.05,1593.35,1676.44,1647.12,1598.24,1187.68
0.1,0.9,3528.84,2741.94,1412.51,1490.71,1451.61,1412.51,1001.96
0.1,0.9,3528.84,2741.94,1412.51,1490.71,1451.61,1412.51,1001.96
0.1,0.9,3538.61,2805.47,1471.16,1539.59,1505.38,1451.61,1104.59
0.1,0.9,3538.61,2805.47,1471.16,1539.59,1505.38,1451.61,1104.59
0.1,0.9,3563.05,2722.39,1583.58,1666.67,1632.45,1588.47,1163.25
0.1,0.9,3563.05,2722.39,1583.58,1666.67,1632.45,1588.47,1163.25
0.1,0.9,3519.06,2732.16,1300.10,1358.75,1324.54,1285.44,904.20
0.1,0.9,3519.06,2732.16,1300.10,1358.75,1324.54,1285.44,904.20
0.1,0.9,3553.27,2805.47,1510.26,1573.80,1544.48,1485.83,1133.92
0.1,0.9,3553.27,2805.47,1510.26,1573.80,1544.48,1485.83,1133.92
0.1,0.9,3558.16,2712.61,1559.14,1637.34,1608.02,1564.03,1133.92
0.1,0.9,3558.16,2712.61,1559.14,1637.34,1608.02,1564.03,1133.92
0.1,0.9,3523.95,2746.82,1275.66,1329.42,1295.21,1256.11,889.54
0.1,0.9,3523.95,2746.82,1275.66,1329.42,1295.21,1256.11,889.54
0.1,0.9,3563.05,2800.59,1529.81,1593.35,1564.03,1505.38,1143.70
0.1,0.9,3563.05,2800.59,1529.81,1593.35,1564.03,1505.38,1143.70
0.1,0.9,3558.16,2702.83,1480.94,1559.14,1524.93,1480.94,1055.72
0.1,0.9,3558.16,2702.83,1480.94,1559.14,1524.93,1480.94,1055.72
0.1,0.9,3528.84,2776.15,1378.30,1441.84,1407.62,1358.75,987.29
0.1,0.9,3528.84,2776.15,1378.30,1441.84,1407.62,1358.75,987.29
0,1,4975.56,3577.71,865.10,894.43,865.10,821.11,537.63
0,1,4975.56,3567.94,913.98,938.42,913.98,869.99,591.40
0,1,4975.56,3548.39,879.77,904.20,884.65,840.66,562.07
0,1,4975.56,3582.60,879.77,899.32,874.88,835.78,552.30
0,1,4975.56,3548.39,913.98,938.42,913.98,869.99,596.29
0,1,4975.56,3563.05,865.10,889.54,865.10,821.11,542.52
0,1,4975.56,3577.71,899.32,923.75,899.32,850.44,571.85
0,1,4975.56,3543.50,899.32,928.64,904.20,860.22,581.62
0,1,4975.56,3577.71,865.10,889.54,865.10,821.11,537.63
0,1,4975.56,3567.94,909.09,938.42,909.09,865.10,591.40
0,1,4975.56,3548.39,879.77,909.09,884.65,840.66,562.07
0,1,4975.56,3582.60,869.99,899.32,869.99,826.00,542.52
0,1,4975.56,3553.27,913.98,938.42,918.87,869.99,596.29
0,1,4975.56,3558.16,869.99,894.43,869.99,830.89,547.41
0,1,4975.56,3587.49,884.65,904.20,879.77,835.78,557.18
0,1,4975.56,3548.39,909.09,933.53,913.98,865.10,591.40
0,1,4975.56,3567.94,860.22,889.54,865.10,821.11,537.63
0,1,4975.56,3577.71,894.43,918.87,894.43,850.44,571.85
0,1,4975.56,3548.39,904.20,928.64,904.20,860.22,586.51
0,1,4975.56,3577.71,860.22,884.65,860.22,816.23,537.63
0,1,4975.56,3577.71,904.20,928.64,904.20,860.22,581.62
0,1,4975.56,3543.50,894.43,918.87,899.32,855.33,576.74
0,1,4975.56,3582.60,860.22,884.65,860.22,816.23,532.75
0,1,4975.56,3572.83,909.09,933.53,909.09,860.22,586.51
0,1,4975.56,3548.39,884.65,913.98,889.54,845.55,566.96
0,1,4975.56,3582.60,865.10,884.65,865.10,816.23,537.63
0,1,4975.56,3567.94,909.09,933.53,909.09,865.10,591.40
0,1,4975.56,3553.27,879.77,909.09,884.65,840.66,562.07
0,1,4975.56,3582.60,865.10,889.54,865.10,821.11,537.63
0,1,4975.56,3567.94,909.09,933.53,913.98,865.10,591.40
0,1,4975.56,3548.39,879.77,904.20,884.65,840.66,562.07
0,1,4975.56,3582.60,865.10,889.54,865.10,821.11,537.63
0,1,4975.56,3563.05,909.09,933.53,909.09,865.10,586.51
0,1,4975.56,3553.27,879.77,904.20,884.65,840.66,562.07
0,1,4975.56,3582.60,865.10,889.54,865.10,821.11,537.63
0,1,4975.56,3567.94,913.98,938.42,913.98,865.10,591.40
0,1,4975.56,3548.39,879.77,904.20,884.65,840.66,562.07
0,1,4975.56,3587.49,860.22,889.54,865.10,816.23,537.63
0,1,4975.56,3563.05,909.09,933.53,909.09,865.10,591.40
0,1,4975.56,3548.39,879.77,904.20,884.65,840.66,562.07
0,1,4975.56,3587.49,865.10,884.65,860.22,816.23,537.63
0,1,4975.56,3567.94,909.09,933.53,909.09,865.10,586.51
0,1,4975.56,3548.39,879.77,909.09,884.65,840.66,566.96
0,1,4975.56,3582.60,860.22,884.65,860.22,816.23,532.75
0,1,4975.56,3572.83,904.20,933.53,909.09,860.22,586.51
0,1,4975.56,3548.39,884.65,909.09,889.54,845.55,566.96
0,1,4975.56,3582.60,860.22,889.54,860.22,816.23,532.75
0,1,4975.56,3572.83,904.20,928.64,909.09,860.22,586.51
0,1,4975.56,3548.39,884.65,909.09,889.54,845.55,566.96
0,1,4975.56,3582.60,860.22,884.65,860.22,811.34,532.75
0,1,4975.56,3572.83,909.09,928.64,904.20,860.22,581.62
0,1,4975.56,3548.39,889.54,913.98,889.54,850.44,571.85
0,1,4975.56,3582.60,860.22,879.77,860.22,811.34,532.75
0,1,4975.56,3577.71,904.20,928.64,904.20,855.33,581.62
0,1,4975.56,3548.39,889.54,913.98,894.43,850.44,571.85
0,1,4975.56,3582.60,860.22,879.77,860.22,811.34,532.75
0,1,4975.56,3577.71,904.20,928.64,904.20,855.33,581.62
0,1,4975.56,3548.39,889.54,913.98,889.54,845.55,571.85
0,1,4975.56,3582.60,860.22,879.77,860.22,811.34,532.75
0,1,4975.56,3572.83,904.20,928.64,904.20,855.33,581.62
0,1,4975.56,3548.39,884.65,909.09,889.54,845.55,566.96
0,1,4975.56,3582.60,860.22,879.77,860.22,811.34,532.75
0,1,4975.56,3572.83,904.20,928.64,904.20,860.22,586.51
0,1,4975.56,3548.39,884.65,909.09,889.54,845.55,566.96
0,1,4975.56,3587.49,860.22,879.77,860.22,816.23,532.75
0,1,4975.56,3572.83,904.20,928.64,904.20,855.33,581.62
0,1,4975.56,3548.39,884.65,909.09,889.54,840.66,566.96
0,1,4975.56,3587.49,860.22,884.65,860.22,816.23,532.75
0,1,4975.56,3572.83,904.20,928.64,904.20,860.22,581.62
0,1,4975.56,3548.39,884.65,909.09,889.54,845.55,566.96
0,1,4975.56,3582.60,855.33,879.77,855.33,811.34,532.75
0,1,4975.56,3577.71,899.32,923.75,904.20,855.33,581.62
0,1,4975.56,3548.39,889.54,913.98,894.43,845.55,571.85
0,1,4975.56,3582.60,855.33,879.77,855.33,811.34,527.86
0,1,4975.56,3577.71,899.32,923.75,899.32,855.33,576.74
0,1,4975.56,3548.39,889.54,913.98,894.43,845.55,571.85
0,1,4975.56,3582.60,855.33,879.77,855.33,811.34,527.86
0,1,4975.56,3577.71,899.32,923.75,899.32,855.33,576.74
0,1,4975.56,3548.39,889.54,913.98,889.54,845.55,571.85
0,1,4975.56,3582.60,855.33,879.77,855.33,811.34,527.86
0,1,4975.56,3577.71,899.32,923.75,899.32,855.33,581.62
0,1,4975.56,3548.39,884.65,909.09,884.65,840.66,566.96
0,1,4975.56,3587.49,855.33,879.77,855.33,811.34,527.86
0,1,4975.56,3572.83,904.20,928.64,904.20,860.22,581.62
0,1,4975.56,3553.27,874.88,899.32,879.77,835.78,557.18
0,1,4975.56,3592.38,860.22,884.65,860.22,811.34,532.75
0,1,4975.56,3563.05,904.20,933.53,909.09,860.22,586.51
0,1,4975.56,3558.16,865.10,889.54,869.99,826.00,542.52
0,1,4975.56,3592.38,869.99,894.43,869.99,821.11,547.41
0,1,4975.56,3553.27,904.20,928.64,904.20,860.22,586.51
0,1,4975.56,3567.94,855.33,879.77,855.33,811.34,532.75
0,1,4975.56,3587.49,884.65,909.09,884.65,840.66,562.07
0,1,4975.56,3548.39,889.54,918.87,894.43,850.44,576.74
0,1,4975.56,3582.60,850.44,874.88,850.44,806.45,527.86
0,1,4975.56,3572.83,899.32,923.75,899.32,855.33,581.62
0,1,4975.56,3553.27,869.99,899.32,874.88,830.89,557.18
0,1,4975.56,3592.38,860.22,884.65,860.22,811.34,537.63
0,1,4975.56,3558.16,904.20,928.64,904.20,860.22,586.51
0,1,4975.56,3567.94,860.22,884.65,860.22,816.23,537.63
0,1,4975.56,3587.49,889.54,913.98,889.54,840.66,566.96